id,name,type,lat,lon
4687131,Paul-Junius-Straße,residential,52.52729546153846,13.477882615384614
4687155,Karl-Lade-Straße,residential,52.529388100000006,13.4616714
4687156,Franz-Jacob-Straße,residential,52.5314346,13.4689713
4687159,Arthur-Weisbrodt-Straße,residential,52.52716395,13.4603161125
4687160,Erich-Kuttner-Straße,residential,52.52767683333334,13.458883
4687161,Buggenhagenstraße,residential,52.52853166666667,13.463576166666668
4687163,Anton-Saefkow-Platz,residential,52.53060098333333,13.47258445
4687247,Landsberger Allee,residential,52.53121673333333,13.46419646
4687248,Herbert-Tschäpe-Straße,residential,52.53212926,13.46393735
4687249,Hohenschönhauser Straße,residential,52.5328745,13.465201133333332
4687250,Judith-Auer-Straße,residential,52.533544677777776,13.467681166666667
4687251,Hohenschönhauser Straße,residential,52.534576375,13.468852475
4687297,Schneeglöckchenstraße,residential,52.5312022,13.459909575
4687301,Cyanenstraße,residential,52.5344469875,13.4598461625
4687302,Sigridstraße,residential,52.5356945,13.457091940000002
4687303,Am Weingarten,residential,52.53434826153846,13.457194269230769
4687333,Altenescher Weg,residential,52.5391289,13.457007260000001
4687334,Steengravenweg,residential,52.539403633333336,13.455449
4687335,Ochtumweg,residential,52.53834435,13.4562709
4687337,Süderbrokweg,residential,52.53777770000001,13.45781944
4782548,Paul-Junius-Straße,residential,52.5284229875,13.478577325
4787339,Herbert-Baum-Straße,residential,52.54879863,13.45596721
4787341,Bizetstraße,residential,52.549191288888885,13.460268377777778
4787350,Smetanastraße,residential,52.54934588333333,13.458703
4787358,Gounodstraße,residential,52.54851724444445,13.466055655555556
4787362,Benfelder Straße,residential,52.548904300000004,13.4655896
4787369,Gounodstraße,residential,52.54693553333333,13.458835774999999
4787379,Mutziger Straße,residential,52.548675725,13.464540425
4787401,Wegenerstraße,residential,52.5521731,13.467569475
6083156,Mahlerstraße,residential,52.54551796,13.45452706
6083191,Puccinistraße,residential,52.54485361666667,13.454295966666669
6083447,Solonplatz,residential,52.54918982,13.462103899999999
6083536,Lindenallee,residential,52.54841018,13.4633244
8113458,Landsberger Allee,residential,52.529783992000006,13.464958008000002
8113459,Landsberger Allee,residential,52.530930742857144,13.470790835714286
8113460,Landsberger Allee,residential,52.53129312,13.47250808
8113937,Karl-Vesper-Straße,residential,52.52863678333333,13.460905616666667
8113939,Max-Brunnow-Straße,residential,52.52661882857143,13.4591893
8113941,Max-Brunnow-Straße,residential,52.52584485,13.4633952875
8113948,Georg-Lehnig-Straße,residential,52.52658938,13.465304979999999
8113949,Gustav-Zahnke-Straße,residential,52.52699363333334,13.4637735
8113950,Ernst-Reinke-Straße,residential,52.527279237500004,13.4621483375
8113958,Paul-Junius-Straße,residential,52.52667615714285,13.476713857142856
8115415,Syringenplatz,residential,52.534759314285715,13.458268971428572
8115416,Maiglöckchenstraße,residential,52.532747175,13.46151555
8115417,Oleanderstraße,residential,52.531700625,13.4598063875
8115418,Chrysanthemenstraße,residential,52.5306904,13.460617899999999
8150996,Stedingerweg,residential,52.53689525,13.45659115
8170842,Berkenbrücker Steig,residential,52.5373734125,13.479879525
11092480,Altenhofer Straße,residential,52.53611712692308,13.478275596153846
11093314,Altenhofer Straße,residential,52.53406135,13.483810025
11093367,Altenhofer Straße,residential,52.535215883333336,13.483888550000001
11093467,Mittelstraße,residential,52.53611114444445,13.481182033333333
11093541,Landsberger Allee,residential,52.534456524999996,13.4792189875
12520036,Hohenschönhauser Straße,residential,52.53529336666667,13.468431166666667
19609586,Berkenbrücker Steig,residential,52.53706835,13.479788475
22046866,Oberseestraße,residential,52.54689656666667,13.483107766666668
22047012,Oberseeplatz,residential,52.54955646666667,13.485933600000001
22047165,Bertastraße,residential,52.550869414285714,13.485487457142856
22048109,Orankestraße,residential,52.545554580952384,13.486595128571429
22048279,Gertrudstraße,residential,52.55012421666667,13.484770883333333
22091601,Vulkanstraße,residential,52.53170342,13.484522379999998
22093491,Bernhard-Bästlein-Straße,residential,52.527805075,13.4818725
22094664,Bernhard-Bästlein-Straße,residential,52.531252699999996,13.48092065
22096317,Chopinstraße,residential,52.5463005,13.466237625
22696511,Manetstraße,residential,52.54634316470589,13.487768064705882
23008694,Smetanastraße,residential,52.54773958333333,13.459648383333333
23197045,Orankeweg,residential,52.547539433333334,13.478433966666666
23197084,Fritz-Lesch-Straße,residential,52.5453183125,13.476583675
23785317,Kniprodestraße,residential,52.54193565,13.456965933333334
24164004,Michelangelostraße,residential,52.541992283333336,13.454682516666667
24217907,Michelangelostraße,residential,52.541977377777776,13.4556794
25279148,Gropiusstraße,residential,52.545231924999996,13.485326775
25613881,Paul-Zobel-Straße,residential,52.52615691999999,13.482821000000001
25759875,Gounodstraße,residential,52.547261528571426,13.461507042857145
25760139,Hohenschönhauser Straße,residential,52.535680666666664,13.469990588888889
25764072,Möllendorffstraße,residential,52.52591856666667,13.480252966666667
25764087,Herzbergstraße,residential,52.52640645384615,13.481683069230769
25814990,Smetanastraße,residential,52.5453681,13.461027166666668
25849600,Puccinistraße,residential,52.54548948571429,13.456165142857143
26139415,Große-Leege-Straße,residential,52.53805785882353,13.488757094117647
26139421,Verdener Gasse,residential,52.537417175,13.485866225
26406925,Hansastraße,residential,52.54826941428571,13.47754507142857
27267425,Bizetstraße,residential,52.550512499999996,13.466424825
27267426,Meyerbeerstraße,residential,52.548355975,13.460803949999999
28402697,Otto-Marquardt-Straße,residential,52.532983325000004,13.471092474999999
28459801,Paul-Junius-Straße,residential,52.526590729999995,13.4744685
29212660,Syringenweg,residential,52.53087515000001,13.456040116666665
29213737,Unknown,residential,52.53015061666667,13.456021016666668
29214537,Generator Berlin Prenzlauer Berg,residential,52.52971073333333,13.45559008888889
29431426,Unknown,residential,52.53025350961538,13.461798057692308
30134942,Rudolf-Seiffert-Straße,residential,52.52542658888889,13.46746961111111
31523282,Syringenweg,residential,52.53093711,13.457810230000002
32034956,Bizetstraße,residential,52.55012508461539,13.464583053846154
32034992,Lindenallee,residential,52.55021968,13.462287929999999
35573389,Parkstraße,residential,52.550309563157896,13.454567105263157
36932260,Chamierstraße,residential,52.5467127,13.485070933333333
36932429,Roedernstraße,residential,52.545018979999995,13.48366977
36932463,Friedhofstraße,residential,52.546110408333334,13.481208741666668
37953230,Elli-Voigt-Straße,residential,52.52866146666667,13.48500925
38116347,Landsberger Allee,residential,52.53280587142857,13.483047557142857
38238526,Bernhard-Bästlein-Straße,residential,52.5287543,13.481063466666667
38238527,Bernhard-Bästlein-Straße,residential,52.52759066,13.48246676
38238528,Herzbergstraße,residential,52.52717258,13.48366744
39517414,Bernhard-Bästlein-Straße,residential,52.529238057142855,13.481001685714286
39599592,Vulkanstraße,residential,52.530586525,13.484760525
40546273,Karl-Lade-Straße,residential,52.52949260909091,13.462014972727273
42689068,Orankestraße,residential,52.54689625384616,13.481599153846153
42689069,Oberseestraße,residential,52.54918921666666,13.48606975
42689073,Chopinstraße,residential,52.545998716666666,13.464259066666665
42689074,Meyerbeerstraße,residential,52.547892809090904,13.458680572727273
42859928,Chopinstraße,residential,52.5465813,13.46701985
42990009,Puccinistraße,residential,52.5450119,13.45475865
42990035,Gürtelstraße,residential,52.54378096000001,13.45455316
43899012,Küstriner Straße,residential,52.537659657142854,13.485501514285714
45660302,Herbert-Tschäpe-Straße,residential,52.531804125,13.463175375
46731444,Unknown,residential,52.553216240000005,13.482268992
48601978,Unknown,residential,52.53629792500001,13.476271391666666
53339839,Bernhard-Bästlein-Straße,residential,52.53150838571429,13.48122247142857
60685250,Sulzfelder Straße,residential,52.552796314285715,13.474949957142856
69166131,Herbert-Baum-Straße,residential,52.54632332,13.45740242
69166165,Herbert-Baum-Straße,residential,52.54701093999999,13.457004280000001
69166206,Gounodstraße,residential,52.546294725,13.45590615
110765978,Otto-Marquardt-Straße,residential,52.532007,13.471555766666667
111082493,Unknown,residential,52.54964366724138,13.478300613793104
111487701,Unknown,residential,52.55289656046512,13.478180774418606
111487705,Unknown,residential,52.55279554,13.4724406125
114999063,Anton-Saefkow-Platz,residential,52.52992178333333,13.473286508333333
115704666,Herbert-Tschäpe-Straße,residential,52.532636700000005,13.4647807
123891747,Albertinenstraße,residential,52.55239078333333,13.459688691666665
127054759,Gartenstraße,residential,52.55125625,13.46629735
127054760,Else-Jahn-Straße,residential,52.55235017,13.471616919999999
129118314,Agnes-Wabnitz-Straße,residential,52.525844459999995,13.455505460000001
129118368,Hermann-Blankenstein-Straße,residential,52.52670826,13.456930700000001
138561532,Kniprodestraße,residential,52.5414284,13.455252949999998
146911420,Walter-Friedländer-Straße,residential,52.526248949999996,13.4560950625
151128628,Erich-Kuttner-Straße,residential,52.528169371428575,13.459837085714286
154262442,Hermann-Blankenstein-Straße,residential,52.52683511428571,13.455470671428571
156045570,Herbert-Baum-Straße,residential,52.545790016666665,13.457717016666669
156045585,Unknown,residential,52.53740278615384,13.452977938461538
156045596,Michelangelostraße,residential,52.542740699999996,13.454310249999999
156580748,Smetanastraße,residential,52.5463435,13.460463520000001
164816804,Unknown,residential,52.52638491111111,13.455535166666667
168307259,Otto-Marquardt-Straße,residential,52.53381835714286,13.469513407142857
168309241,Hohenschönhauser Straße,residential,52.535472575,13.47131245
171867093,Unknown,residential,52.53251531666667,13.46899775
171867094,Unknown,residential,52.53093891012659,13.460322387341773
175857455,Unknown,residential,52.52906145,13.482026256818182
175884940,Unknown,residential,52.55182092380952,13.466663171428571
175916637,Orankeweg,residential,52.547603966666664,13.474669211111111
179533161,Unknown,residential,52.52469046304348,13.482286189130434
182728337,Karl-Lade-Straße,residential,52.52863001111111,13.466123788888888
182728630,Franz-Jacob-Straße,residential,52.531102625,13.469159525
190630935,Paul-Junius-Straße,residential,52.52855176666666,13.478512916666666
197740392,Rudolf-Seiffert-Straße,residential,52.52686121666667,13.4716383
202422596,Möllendorffstraße,residential,52.5265269,13.477612350000001
250443969,Sandinostraße,residential,52.53861564,13.481290340000001
253018961,Sandinostraße,residential,52.5372378,13.483670528571428
271412614,Karl-Lade-Straße,residential,52.5280295,13.469996775
281091709,Sandinostraße,residential,52.536234199999996,13.48577695
290075131,Landsberger Allee,residential,52.531436033333335,13.473284483333332
290075136,Franz-Jacob-Straße,residential,52.528927225000004,13.46752794375
290075139,Franz-Jacob-Straße,residential,52.526894649999996,13.466066085
290087090,Landsberger Allee,residential,52.531649924999996,13.474437425
308798036,Michelangelostraße,residential,52.54250363333333,13.454907333333333
326557712,Unknown,residential,52.54855679,13.461128160000001
326557713,Unknown,residential,52.548384600000006,13.460301309090909
326557714,Unknown,residential,52.54861755555556,13.459498877777778
326557715,Unknown,residential,52.54845715,13.460705592857142
326557716,Unknown,residential,52.54837361764706,13.460072858823528
326557717,Unknown,residential,52.54927016842105,13.461674552631578
326557718,Unknown,residential,52.549212895454545,13.461359722727273
326557719,Unknown,residential,52.548668704545456,13.461333827272727
326557720,Unknown,residential,52.548735077272724,13.461638327272727
326557721,Unknown,residential,52.549140865217396,13.461051891304349
326557722,Unknown,residential,52.54887178928571,13.461978803571428
326557723,Unknown,residential,52.54897878333333,13.460036833333334
326557724,Unknown,residential,52.54833422,13.45960188
326557725,Unknown,residential,52.54884828,13.460773159999999
326557726,Unknown,residential,52.54846658333333,13.459518366666666
326557727,Unknown,residential,52.54887828571429,13.4597223
326557728,Unknown,residential,52.54871235,13.460180875
326557729,Unknown,residential,52.54907373333333,13.461817733333334
326558368,Unknown,residential,52.548132200000005,13.459100236363637
326558374,Unknown,residential,52.54855374,13.458803829999999
326558392,Unknown,residential,52.548020599999994,13.458634319999998
326558397,Unknown,residential,52.54864748,13.458513400000001
326558399,Unknown,residential,52.548691675,13.458799675
326558413,Unknown,residential,52.54827166,13.459073660000001
326558417,Unknown,residential,52.5479644,13.458379739999998
326558430,Unknown,residential,52.54807375000001,13.458866633333335
326558437,Unknown,residential,52.54796584,13.45719198
326558442,Unknown,residential,52.548376985714285,13.458981514285714
326558448,Unknown,residential,52.548250825000004,13.4568577
326558449,Unknown,residential,52.54847445555556,13.458877288888889
326558463,Unknown,residential,52.54827685555556,13.457077922222222
326610458,Seniorenpflegeheim Bischof-Ketteler-Haus,residential,52.550337246875,13.47110131875
340791033,Bernhard-Bästlein-Straße,residential,52.53082755,13.477565
354449609,Unknown,residential,52.53755995,13.475701366666668
429932099,Unknown,residential,52.53189344285714,13.476093492857144
429932100,Unknown,residential,52.53195149411765,13.475049288235295
437672227,Unknown,residential,52.54327055172414,13.45261785862069
437672229,Michelangelostraße,residential,52.542124460000004,13.45511664
439025654,Hermann-Blankenstein-Straße,residential,52.5257206,13.458004560000001
439032718,Karl-Lade-Straße,residential,52.529158599999995,13.4629851
442661898,Unknown,residential,52.550040417647054,13.473813547058823
455152281,Oberseeplatz,residential,52.5493348,13.485925266666667
466632010,Unknown,residential,52.54908043333333,13.460512155555556
484817762,Bernhard-Bästlein-Straße,residential,52.530911350000004,13.477958725
494999973,Kniprodestraße,residential,52.54140035,13.455492325
494999974,Kniprodestraße,residential,52.541314775000004,13.455556775
562055877,Orankeweg,residential,52.54754685,13.4779082
589927708,Sandinostraße,residential,52.5366454,13.4848319
624116223,Hansastraße,residential,52.5496963,13.47483505
664429330,Süderbrokweg,residential,52.53685835,13.456840849999999
690444745,Chopinstraße,residential,52.546406966666666,13.467561733333334
690444749,Chopinstraße,residential,52.54666793333333,13.467449100000001
691513654,Unknown,residential,52.55051973472222,13.467348975
691513661,Unknown,residential,52.55300085555555,13.468161092592593
691513663,Unknown,residential,52.55188942631579,13.472651821052631
692426485,Chopinstraße,residential,52.54557265,13.462014
692426488,Unknown,residential,52.5481867,13.45785815
692426489,Unknown,residential,52.547388520000005,13.45824106
692426490,Unknown,residential,52.5467053375,13.4555135
692426491,Unknown,residential,52.54744314,13.45478838
692426526,Unknown,residential,52.548788725,13.4650555
692426605,Unknown,residential,52.5470872375,13.464595102499999
692426608,Unknown,residential,52.54536774166667,13.461635466666666
692426613,Unknown,residential,52.548803575,13.460705225
692426616,Unknown,residential,52.5485476,13.463953125
692426617,Unknown,residential,52.54911998,13.466219839999999
692426619,Unknown,residential,52.54983231,13.46563529
692426620,Unknown,residential,52.549527350000005,13.459645810000001
692426622,Unknown,residential,52.549455029629634,13.457429781481482
692426624,Unknown,residential,52.550906866666665,13.464641073333333
692426629,Unknown,residential,52.54511193333334,13.453347133333333
692426630,Unknown,residential,52.54645368,13.458976459999999
692426631,Unknown,residential,52.545985442857145,13.456131914285715
692426633,Unknown,residential,52.54863823333333,13.4545951
692426641,Gounodstraße,residential,52.54811086666667,13.464305633333334
696007449,Unknown,residential,52.5313715,13.458555753125
696007450,Unknown,residential,52.532437862500004,13.4595001625
696007451,Unknown,residential,52.534402609999994,13.459761275
696007453,Unknown,residential,52.53855214,13.456980506666666
696007454,Unknown,residential,52.53790419375,13.455928
696007455,Unknown,residential,52.539353229411766,13.45383085882353
696007456,Unknown,residential,52.53928883636363,13.4573418
696007457,Unknown,residential,52.53661405185185,13.457492118518518
696229117,Unknown,residential,52.55367300499999,13.455060077499999
696321795,Unknown,residential,52.54995305,13.455955085714285
696322769,Unknown,residential,52.55267169090909,13.458198478787878
696326567,Unknown,residential,52.554829430434786,13.463571327826088
696328505,Unknown,residential,52.55070601818181,13.453845433333333
730937820,Stedingerweg,residential,52.5369923,13.456694633333333
761338628,Stedingerweg,residential,52.538224400000004,13.45429825
761338631,Sigridstraße,residential,52.535436975,13.460492799999999
823937284,Unknown,residential,52.53108281666667,13.464529537499999
823937285,Unknown,residential,52.531811475,13.464599485714286
823937286,Unknown,residential,52.532774025925924,13.465601507407406
823941231,Unknown,residential,52.52963173846154,13.46677745769231
823941233,Unknown,residential,52.52539214418604,13.472980227906977
823941234,Unknown,residential,52.52958784255319,13.469408034042553
823941235,Unknown,residential,52.5260988483871,13.462606412903225
823944009,Unknown,residential,52.53414592571429,13.471745042857142
823944010,Unknown,residential,52.53582821333334,13.469480919999999
823944011,Unknown,residential,52.53267284166666,13.470405874999999
824110816,Unknown,residential,52.53297126818182,13.4741212
824116268,Unknown,residential,52.528075145,13.465012465000001
824116269,Unknown,residential,52.52797809625,13.46030984375
824116270,Unknown,residential,52.5251638625,13.463643270833332
824116271,Unknown,residential,52.52622387407408,13.459570122222223
824688109,Unknown,residential,52.52569407333333,13.477407733333333
824688115,Unknown,residential,52.52623364081632,13.470117785714287
824688117,Unknown,residential,52.52720873478261,13.468567926086957
827331982,Unknown,residential,52.52602324102565,13.456892861538462
884179157,Albertinenstraße,residential,52.55072454,13.45898329
892926494,Landsberger Allee,residential,52.53037768,13.46813018
892926495,Landsberger Allee,residential,52.530545800000006,13.46905188
892926496,Landsberger Allee,residential,52.53032482,13.46814612
895296923,Unknown,residential,52.5317049,13.473633666666666
921638010,Karl-Lade-Straße,residential,52.52905343333333,13.463602866666667
921653254,Karl-Lade-Straße,residential,52.52811297142858,13.469191228571429
922799720,Karl-Lade-Straße,residential,52.52948045,13.461220725
928836455,Otto-Marquardt-Straße,residential,52.53212835,13.47160665
939185680,Chopinstraße,residential,52.546375925,13.467311875
939693155,Chopinstraße,residential,52.546374,13.46602825
943420688,Unknown,residential,52.53635825,13.486031975
955949945,Chrysanthemenstraße,residential,52.53086146666667,13.460007
955950015,Chrysanthemenstraße,residential,52.53062705,13.4609424
965203744,Schneeglöckchenstraße,residential,52.53421272941176,13.461404894117647
965237748,Unknown,residential,52.5343671,13.483439655000002
985567850,Herzbergstraße,residential,52.52640426000001,13.485067379999998
1017793581,Smetanastraße,residential,52.5484588,13.459229828571427
1017793692,Smetanastraße,residential,52.548971375,13.45892475
1026460366,Albertinenstraße,residential,52.551217875,13.459194625
1029410234,Mittelstraße,residential,52.53827774,13.48408632
1029410235,Unknown,residential,52.53500332857143,13.480218671428572
1040172511,Rudolf-Seiffert-Straße,residential,52.52747656666667,13.468941533333334
1041454496,Rudolf-Seiffert-Straße,residential,52.52761908,13.46978426
1041455676,Rudolf-Seiffert-Straße,residential,52.52729392,13.47128524
1052744568,Max-Brunnow-Straße,residential,52.52632671666667,13.460130566666665
1052745386,Landsberger Allee,residential,52.53153275,13.47393615
1088173966,Unknown,residential,52.534745775,13.479994075
1093740379,Fritz-Lesch-Straße,residential,52.541828425,13.473311525
1093740380,Fritz-Lesch-Straße,residential,52.542765100000004,13.473916149999999
1094529370,Syringenweg,residential,52.53065156666667,13.459299
1094529379,Schneeglöckchenstraße,residential,52.532261219999995,13.460442999999998
1094529397,Maiglöckchenstraße,residential,52.533197740000006,13.459014920000001
1094529398,Maiglöckchenstraße,residential,52.5330343,13.460174839999999
1094529406,Stedingerweg,residential,52.536318099999995,13.456897099999999
1095171390,Altenhofer Straße,residential,52.536078700000004,13.484487914285713
1095295158,Hohenschönhauser Straße,residential,52.53473555,13.468766525
1095295160,Herbert-Tschäpe-Straße,residential,52.532847100000005,13.4646352
1095295161,Judith-Auer-Straße,residential,52.531646566666666,13.4688396
1096514991,Chamierstraße,residential,52.54613866666667,13.484649666666668
1096685313,Gertrudstraße,residential,52.5495449,13.4856356
1096707407,Oberseestraße,residential,52.547715249999996,13.48473935
1096707410,Waldowstraße,residential,52.54802563333333,13.485519866666666
1097987927,Unknown,residential,52.55264906666667,13.480641050000001
1100531503,Fritz-Lesch-Straße,residential,52.53996935,13.470352375000001
1102343184,Landsberger Allee,residential,52.53400236666666,13.485743933333334
1102794388,Herbert-Baum-Straße,residential,52.54769995,13.456602566666668
1102794389,Lindenallee,residential,52.54934068,13.46279456
1104964388,Unknown,residential,52.53729778181818,13.471667190909091
1123600232,Paul-Junius-Straße,residential,52.5261658375,13.473938425
1123795363,Herzbergstraße,residential,52.52641735,13.484552
1123798425,Bernhard-Bästlein-Straße,residential,52.528722599999995,13.4822472
1123801423,Landsberger Allee,residential,52.53289543333333,13.484924633333334
1125488479,Hohenschönhauser Straße,residential,52.53331813333333,13.467195966666667
1125488496,Herbert-Tschäpe-Straße,residential,52.5322704,13.4649965
1125488651,Judith-Auer-Straße,residential,52.532406699999996,13.4683933
1125488652,Herbert-Tschäpe-Straße,residential,52.5322315,13.466290566666666
1125530943,Karl-Lade-Straße,residential,52.529450999999995,13.46132725
1125678361,Judith-Auer-Straße,residential,52.53282835,13.468145
1133247658,Otto-Marquardt-Straße,residential,52.53222175,13.47154995
1133362008,Berkenbrücker Steig,residential,52.53765455,13.4784868
1133362009,Berkenbrücker Steig,residential,52.53756335,13.478638775
1133362022,Berkenbrücker Steig,residential,52.5371934,13.48116125
1133362023,Berkenbrücker Steig,residential,52.5370694,13.481976099999999
1133364465,Mittelstraße,residential,52.53734469999999,13.482541459999998
1133993750,Karl-Lade-Straße,residential,52.52943435,13.46142015
1135367001,Meyerbeerstraße,residential,52.54949961666667,13.466035366666667
1135448234,Kniprodestraße,residential,52.5413811,13.455957675
1135448235,Kniprodestraße,residential,52.54151555,13.456312
1136169595,Landsberger Allee,residential,52.533478820000006,13.47877128
1136184326,Süderbrokweg,residential,52.53873874,13.458977959999999
1136238675,Altenescher Weg,residential,52.5401034,13.454558474999999
1136238676,Steengravenweg,residential,52.53872575,13.454392850000001
1137828392,Fritz-Lesch-Straße,residential,52.543142700000004,13.47413065
1137828802,Fritz-Lesch-Straße,residential,52.54416966666667,13.475343833333334
1137851312,Smetanastraße,residential,52.54483675,13.4613273
1141331706,Franz-Jacob-Straße,residential,52.530305025000004,13.4693871375
1141332098,Franz-Jacob-Straße,residential,52.5294104,13.468707499999999
1144046521,Maiglöckchenstraße,residential,52.532367875,13.46293315
1150861534,Orankeweg,residential,52.547702019999996,13.47257012
1150881979,Chopinstraße,residential,52.54632025,13.466860950000001
1150932758,Fritz-Lesch-Straße,residential,52.546912066666664,13.477526699999999
1150932761,Fritz-Lesch-Straße,residential,52.543815925000004,13.475013
1150932765,Fritz-Lesch-Straße,residential,52.54009522,13.470688899999999
1151665767,Unknown,residential,52.5451821,13.456398410526315
1152686768,Erich-Kuttner-Straße,residential,52.52797631999999,13.45918202
1152686769,Erich-Kuttner-Straße,residential,52.527961325,13.460972525
1152686770,Erich-Kuttner-Straße,residential,52.527788799999996,13.461866266666666
1152686771,Erich-Kuttner-Straße,residential,52.527506585714285,13.463331385714286
1152686772,Erich-Kuttner-Straße,residential,52.52720806666667,13.464933199999999
1152686773,Erich-Kuttner-Straße,residential,52.52702106666666,13.465940033333334
1152686774,Max-Brunnow-Straße,residential,52.52594875,13.46005295
1152686776,Storkower Straße,residential,52.525722599999995,13.462338800000001
1152686778,Ernst-Reinke-Straße,residential,52.527117516666664,13.461398283333333
1152686779,Gustav-Zahnke-Straße,residential,52.526777675,13.463192875
1152686780,Georg-Lehnig-Straße,residential,52.52650766666667,13.464657166666667
1152686781,Rudolf-Seiffert-Straße,residential,52.527095349999996,13.46837215
1152686782,Rudolf-Seiffert-Straße,residential,52.52563904,13.471200110000002
1152686783,Möllendorffstraße,residential,52.52586898,13.478887592000001
1152686785,Paul-Junius-Straße,residential,52.52621262727273,13.475468772727272
1155392806,Elli-Voigt-Straße,residential,52.5311511125,13.4835970125
1155392807,Landsberger Allee,residential,52.532252925,13.482546525
1155392808,Landsberger Allee,residential,52.532993839999996,13.484100139999999
1169948328,Gartenstraße,residential,52.55302554615385,13.469924946153846
1170350489,Gartenstraße,residential,52.55132158,13.46750846
1170350490,Gartenstraße,residential,52.55183025,13.46842175
1171118300,Meyerbeerstraße,residential,52.5490922125,13.4641816875
1171118301,Meyerbeerstraße,residential,52.548790133333334,13.462797666666667
1171246251,Gounodstraße,residential,52.546995100000004,13.460297233333334
1171246329,Smetanastraße,residential,52.548858325,13.45899625
1173111793,Herbert-Baum-Straße,residential,52.5466331,13.457220466666667
1173111795,Puccinistraße,residential,52.54595895,13.45755175
1173657107,Herbert-Baum-Straße,residential,52.54741546666667,13.456767266666667
1173679920,Meyerbeerstraße,residential,52.547067483333336,13.454909233333334
1178034737,Bizetstraße,residential,52.5480041375,13.45478095625
1178159613,Bizetstraße,residential,52.54861912352941,13.457623952941177
1178170520,Smetanastraße,residential,52.54969286666667,13.458499000000002
1182620515,Bizetstraße,residential,52.549618675,13.4622347
1183357347,Oleanderstraße,residential,52.53133285,13.46137035
1183357351,Syringenweg,residential,52.531925175,13.458070212500001
1183357352,Syringenweg,residential,52.533009549999996,13.458346500000001
1183626353,Otto-Marquardt-Straße,residential,52.53343155,13.470522025
1183626366,Otto-Marquardt-Straße,residential,52.53236046666667,13.471465666666667
1200609523,Unknown,residential,52.530749899999996,13.484386191666667
1208227515,Altenhofer Straße,residential,52.53649453333333,13.484879633333334
1220965550,Karl-Lade-Straße,residential,52.52930875,13.4621025
1220965553,Karl-Lade-Straße,residential,52.529024,13.46378065
1220971451,Karl-Lade-Straße,residential,52.52823575,13.468465949999999
1231718768,Unknown,residential,52.53695521904762,13.478836832142857
1231718769,Unknown,residential,52.536020594,13.483202905999999
1231718770,Unknown,residential,52.537890304166666,13.47995389375
1231718793,Unknown,residential,52.53871382857143,13.4827
1231718794,Unknown,residential,52.53724837857143,13.486054192857145
1231718798,Unknown,residential,52.53793002352941,13.484662664705882
1231750603,Unknown,residential,52.53518390086957,13.486642027826086
1231750613,Unknown,residential,52.54015007560976,13.486838597560977
1231772801,Unknown,residential,52.54657442,13.480096979999999
1231772802,Unknown,residential,52.545761725,13.4833146
1231772804,Unknown,residential,52.5443235,13.489094739999999
1231772806,Unknown,residential,52.546180625,13.486354350000001
1231772807,Unknown,residential,52.5467759,13.48414025
1231772810,Unknown,residential,52.547234100000004,13.4861268
1231861094,Vulkanstraße,residential,52.5306219,13.4852822
1231866172,Unknown,residential,52.5513226631579,13.485963057894738
1231866173,Unknown,residential,52.55023250277778,13.485538875
1231866688,Unknown,residential,52.54696116,13.48255584
1232076584,Vulkanstraße,residential,52.5305563,13.4842058
1273199630,Herzbergstraße,residential,52.527200533333335,13.4825594
1273199631,Bernhard-Bästlein-Straße,residential,52.52723315,13.482471275
1273199646,Herzbergstraße,residential,52.52715125,13.4845671
1273199647,Herzbergstraße,residential,52.527143425,13.484846675
1273199648,Herzbergstraße,residential,52.52713573333333,13.4852195
1273199650,Elli-Voigt-Straße,residential,52.5287124,13.48267635
1273199651,Elli-Voigt-Straße,residential,52.528688120000005,13.483766359999999
1273199654,Elli-Voigt-Straße,residential,52.530620525,13.4839625
1273199663,Vulkanstraße,residential,52.531647449999994,13.483631599999999
1273199664,Bernhard-Bästlein-Straße,residential,52.53155285,13.4826067
1273199665,Bernhard-Bästlein-Straße,residential,52.531538525,13.481867025
1273199666,Bernhard-Bästlein-Straße,residential,52.53153473333333,13.482352966666667
1273199667,Vulkanstraße,residential,52.531661400000004,13.4838403
1273199668,Vulkanstraße,residential,52.53160715,13.4831852
1273199671,Vulkanstraße,residential,52.5317348,13.485100833333334
1273199680,Landsberger Allee,residential,52.5329294,13.4846678
1273439100,Paul-Zobel-Straße,residential,52.52578755,13.4846732
1273439101,Paul-Zobel-Straße,residential,52.52623366666666,13.484699666666666
1273439119,Paul-Zobel-Straße,residential,52.526642859999995,13.4828486
1299224090,Smetanastraße,residential,52.54978716666667,13.458443633333333
1299224509,Albertinenstraße,residential,52.550299925000004,13.458799375
1303663025,Syringenweg,residential,52.53141551666667,13.457447049999999
1303663651,Syringenweg,residential,52.53107753333333,13.456581633333334
1303850869,Unknown,residential,52.53027738666666,13.45750687
1309603653,Chopinstraße,residential,52.546475,13.4665067
1318022626,Unknown,residential,52.55289468064516,13.480527983870967
1318025426,Unknown,residential,52.547472400000004,13.4808490375
1328756141,Herbert-Baum-Straße,residential,52.54817962,13.4563233
1328793137,Bernhard-Bästlein-Straße,residential,52.52979585,13.48104115
1328793144,Bernhard-Bästlein-Straße,residential,52.5309753,13.48111355
1328793145,Bernhard-Bästlein-Straße,residential,52.53067395,13.481096975
1328793146,Bernhard-Bästlein-Straße,residential,52.5311798,13.481123133333334
1328793149,Bernhard-Bästlein-Straße,residential,52.53018598333333,13.481066266666666
1328793150,Bernhard-Bästlein-Straße,residential,52.52884823333333,13.4809737
1328793152,Bernhard-Bästlein-Straße,residential,52.52874115,13.481555199999999
1328793175,Bernhard-Bästlein-Straße,residential,52.5313458,13.4811288
1330282835,Gounodstraße,residential,52.5465678,13.457154766666667
1330282836,Gounodstraße,residential,52.54660859999999,13.457341566666665
1330282838,Meyerbeerstraße,residential,52.54748896666666,13.456834366666667
1330282839,Meyerbeerstraße,residential,52.54744590000001,13.456635866666668
1330282851,Smetanastraße,residential,52.547136,13.46000195
1330282852,Smetanastraße,residential,52.547263799999996,13.45992825
1331724261,Bernhard-Bästlein-Straße,residential,52.5281483,13.482499950000001
1331724262,Bernhard-Bästlein-Straße,residential,52.528527925,13.48252225
1331724266,Bernhard-Bästlein-Straße,residential,52.526841525,13.481821175
1331724269,Bernhard-Bästlein-Straße,residential,52.53126283333334,13.480153866666667
1331724270,Bernhard-Bästlein-Straße,residential,52.531125,13.47898095
1331724271,Bernhard-Bästlein-Straße,residential,52.53126145,13.479700925
1341028108,Gertrudstraße,residential,52.55051615,13.484060249999999
1432087209,Große-Leege-Straße,residential,52.536770849999996,13.486440825
1432089238,Sandinostraße,residential,52.538524566666666,13.481430099999999
1432089239,Sandinostraße,residential,52.5379674,13.482406574999999
1432089762,Berkenbrücker Steig,residential,52.537526650000004,13.478787449999999
1432089763,Berkenbrücker Steig,residential,52.537604599999995,13.47854505
1433622729,Altenhofer Straße,residential,52.534867983333335,13.481768375
1433623683,Landsberger Allee,residential,52.5339865,13.48543745
1433623684,Altenhofer Straße,residential,52.5342688,13.482782166666667
1433623685,Altenhofer Straße,residential,52.5344116,13.482802
1433623888,Landsberger Allee,residential,52.5340273,13.4863142
1433829591,Fritz-Lesch-Straße,residential,52.54051873333333,13.471370033333335
1433829592,Fritz-Lesch-Straße,residential,52.54037843333333,13.471162
1433831243,Fritz-Lesch-Straße,residential,52.5471472,13.4775423
1433831244,Fritz-Lesch-Straße,residential,52.5473802,13.477559300000001
1433831245,Fritz-Lesch-Straße,residential,52.546566133333336,13.477503866666666
1433831247,Fritz-Lesch-Straße,residential,52.5436904,13.4748485
1433831248,Fritz-Lesch-Straße,residential,52.54363215,13.4747722
1433831249,Fritz-Lesch-Straße,residential,52.543432100000004,13.474509999999999
1433831250,Fritz-Lesch-Straße,residential,52.54220415,13.4738663
1433831251,Fritz-Lesch-Straße,residential,52.54200065,13.473566
1433831252,Fritz-Lesch-Straße,residential,52.542396475000004,13.474049299999999
1433831253,Fritz-Lesch-Straße,residential,52.541484,13.472801
1433831254,Fritz-Lesch-Straße,residential,52.54121065,13.472395800000001
1433831255,Fritz-Lesch-Straße,residential,52.54070435,13.47164515
1433831256,Fritz-Lesch-Straße,residential,52.5410916,13.472219299999999
1433831257,Fritz-Lesch-Straße,residential,52.540927366666665,13.471975833333333
1433885559,Oberseestraße,residential,52.54864252,13.4858744
1433885560,Oberseestraße,residential,52.54824587142857,13.485600785714285
1433887194,Waldowstraße,residential,52.547764349999994,13.486475949999999
1433888511,Gertrudstraße,residential,52.5503908,13.484323499999999
1442585136,Berkenbrücker Steig,residential,52.537091149999995,13.47860275
1448041151,Hansastraße,residential,52.548970966666666,13.476342766666667
1448041153,Hansastraße,residential,52.549092300000005,13.4760899
1448041154,Hansastraße,residential,52.54938875,13.47547655
1448041155,Hansastraße,residential,52.549609325,13.475020975
1448042238,Gartenstraße,residential,52.55126873333333,13.466595
1448042239,Gartenstraße,residential,52.5512766,13.466395575
1448044220,Sulzfelder Straße,residential,52.5521177,13.474818566666668
1448044221,Else-Jahn-Straße,residential,52.552109,13.473786449999999
1448044222,Else-Jahn-Straße,residential,52.552155666666664,13.473328966666665
1448044223,Else-Jahn-Straße,residential,52.55206294,13.47436076
1448044225,Else-Jahn-Straße,residential,52.55258271666667,13.470024533333335
1450847913,Meyerbeerstraße,residential,52.54767998,13.45770672
1450847914,Meyerbeerstraße,residential,52.54757022,13.457204540000001
1450849465,Puccinistraße,residential,52.5451166,13.455064966666667
1450867359,Smetanastraße,residential,52.54513835,13.4611562
1450867758,Chopinstraße,residential,52.54548305,13.461233025
1450867759,Chopinstraße,residential,52.545665150000005,13.46264335
