poi_id,lon,lat,x,y,edge_id
60848447,13.4696536,52.5318353,1957.7799656337593,6893.458899091929,1229876383#4
60848447,13.4696536,52.5318353,1957.7799656337593,6893.458899091929,1229876383#4
60852928,13.4685134,52.5275552,1870.3413890458178,6419.055583812296,305534035
60852928,13.4685134,52.5275552,1870.3413890458178,6419.055583812296,305534035
253256553,13.4550894,52.5515059,1016.7626482849009,9102.320960505866,
281563606,13.4626939,52.5498822,1528.4798002850148,8910.71640664339,
417019740,13.4588499,52.5498309,1267.7352723485092,8910.570407987572,
452946886,13.4743188,52.5359237,2283.8230055061285,7341.482526201755,4687244#3
452946886,13.4743188,52.5359237,2283.8230055061285,7341.482526201755,4687244#3
452946886,13.4743188,52.5359237,2283.8230055061285,7341.482526201755,4687244#3
453013649,13.4679731,52.5280106,1834.7656257263734,6470.484157940373,1220971446#3
453013649,13.4679731,52.5280106,1834.7656257263734,6470.484157940373,1220971446#3
453042696,13.4713873,52.5298871,2070.783609770937,6674.282881446183,1135049478#17
463385753,13.4704754,52.5292859,2007.5116720430087,6608.72630139254,1135049478#18
463444162,13.464128,52.5288152,1575.8428925031913,6565.517166718841,1220971446#0
554199918,13.4860231,52.5445475,3097.749601574731,8283.93033329025,
588552725,13.4553976,52.5494413,1032.7420358261443,8872.243060773239,
588552725,13.4553976,52.5494413,1032.7420358261443,8872.243060773239,
588552733,13.4562626,52.5492679,1090.9768445759546,8851.701925490052,
588552733,13.4562626,52.5492679,1090.9768445759546,8851.701925490052,
588552735,13.4555878,52.5494813,1045.7329156449996,8876.41593237035,
626304105,13.455,52.5292797,957.7753249316011,6630.395131180994,383960623#1
678352160,13.4590899,52.5490702,1282.2004086514935,8825.615689578466,
737197006,13.4783092,52.5268357,2533.14629297785,6324.976247919723,921710436#1
737199963,13.478518,52.5268005,2547.227823749301,6320.762611930259,921710436#1
737199963,13.478518,52.5268005,2547.227823749301,6320.762611930259,921710436#1
769963652,13.4659303,52.5285154,1697.3884429360041,6529.572610871866,1220971446#1
769972044,13.4682098,52.5284237,1851.7969705028227,6516.089406909421,1125530940#5
803582040,13.45622,52.5496181,1088.921890570724,8890.71393503528,
1064641129,13.4856591,52.5364799,3054.237677282188,7387.145507654175,
1066041285,13.4662865,52.5371681,1742.0021327937138,7491.435020277277,11093780#0
1231246020,13.4673589,52.5530058,1852.1459805049817,9251.403906988911,
1270322765,13.4723669,52.5274097,2131.398577380751,6397.333084498532,921710425#1
1306437820,13.4847063,52.5369253,2990.6582533097244,7438.040581897832,
1450379591,13.4618751,52.5505611,1474.5749172804644,8987.408705079928,
1450379594,13.4611168,52.5504013,1422.7840041057789,8970.731529770419,
1690439220,13.4700307,52.529183,1977.1043093502522,6597.9208434820175,1135049478#18
1719664188,13.4714754,52.5286228,2073.7814431631123,6533.537558425218,-271412612#1
1719664188,13.4714754,52.5286228,2073.7814431631123,6533.537558425218,-271412612#1
1719664195,13.4713087,52.5289016,2063.1305088824593,6564.785910587758,-271412612#0
1803632679,13.4582409,52.5504924,1228.0172237195075,8985.02639222797,
1918505325,13.4590575,52.5502721,1282.8585229811724,8959.341300219297,
2217045755,13.4547727,52.5489568,989.2194832713576,8819.262802731246,
2248592549,13.4573709,52.5285151,1116.7795980232186,6541.914453532547,962660403#2
2451527849,13.45803,52.55003,1212.6193576112855,8933.902519874275,
2455251812,13.4575769,52.5499155,1181.627121774014,8921.824109683745,
2511149696,13.4809667,52.5383876,2740.4619606994675,7606.013646909967,
2516120286,13.4597629,52.5504319,1331.0635137815261,8976.093561472371,
2516120286,13.4597629,52.5504319,1331.0635137815261,8976.093561472371,
2611034642,13.4715787,52.5284516,2080.3853331515566,6514.347855469212,-1135049473
2763457969,13.4705843,52.5293019,2014.936253362801,6610.349325330928,1135049478#18
2780316217,13.4725534,52.5293192,2148.544329043536,6609.444926790893,1135049478#5
3039049776,13.4594412,52.5484392,1304.520513895317,8754.925501814112,
3350344758,13.4808842,52.5272992,2708.9078372207587,6372.848415536806,-48163805#4
3666796894,13.471021,52.5294382,2044.879494287481,6624.881347629242,1135049478#17
3779533432,13.4648392,52.5500408,1674.306200838706,8925.259562725201,
3849567057,13.4698142,52.531996,1969.052057173627,6911.1014097593725,1214959073
3949934781,13.4644959,52.528746,1600.6346763935871,6557.289579344913,1220971446#1
3969486836,13.4616455,52.5300394,1410.3512288477505,6705.262052517384,1095296644#0
4081730093,13.478698,52.527159,2560.2786591806216,6360.3785626338795,1094675296#1
4286224135,13.4802248,52.5381251,2689.5331232664175,7577.876966706477,
4601595906,13.4708664,52.5422259,2064.5288555423613,8047.3863965999335,
4682866291,13.4566633,52.5290131,1069.9655316330027,6598.32934767101,1229835539
4682866291,13.4566633,52.5290131,1069.9655316330027,6598.32934767101,1229835539
4746854421,13.4707502,52.5321759,2032.9625810314901,6929.764733622782,978759714#0
4846723150,13.4766342,52.5305765,2428.3034254561644,6743.434895254672,1094675278
4862561441,13.4569432,52.533538,1099.7117644094396,7101.193903649226,43266656#3
4867004185,13.4570501,52.5335768,1107.0545212622383,7105.354319894686,43266656#3
5024078544,13.4717971,52.5287807,2095.975082691235,6550.637514923699,114935948#0
5089978455,13.4588849,52.5494487,1269.2003296590992,8868.010365951806,
5255259068,13.4561482,52.5289253,1034.8163835647283,6589.311289852485,1229835539
5266816861,13.4674421,52.5531267,1858.0721561398823,9264.730952203274,
5266816861,13.4674421,52.5531267,1858.0721561398823,9264.730952203274,
5774061796,13.4640388,52.5279223,1567.6788099165424,6466.335353181697,1133102283#1
5903202921,13.4591399,52.5503338,1288.5917299535358,8966.084440858103,
5903202921,13.4591399,52.5503338,1288.5917299535358,8966.084440858103,
5913441996,13.4559643,52.5331751,1032.454314718023,7062.251277239062,-444929799#1
5939312537,13.4758049,52.5365649,2386.118742016726,7410.668862680905,
5966966473,13.468831,52.5351527,1909.8129617667291,7263.612360481173,1081406149#0
5991258686,13.4746475,52.5355802,2305.308424726245,7302.80626467336,4687244#3
6000099423,13.4847981,52.5398635,3003.745568394952,7764.705161133781,
6141319186,13.4619077,52.5300852,1428.2449337919243,6709.976990110241,1201860729#2
6237544658,13.4575012,52.5285274,1125.6474456642754,6543.093584839255,962660403#2
6256648224,13.474581,52.5498861,2334.4334463869454,8894.045268156566,
6256674063,13.4744744,52.5498058,2327.017142002238,8885.266861005686,
6339288026,13.4715069,52.5295367,2078.0708152385196,6635.138657782227,1135049478#17
6346569898,13.4574432,52.5285246,1121.7064900089754,6542.866246487945,962660403#2
6347320701,13.4787739,52.5270136,2565.0864948101807,6344.098266167566,1094675296#2
6347320701,13.4787739,52.5270136,2565.0864948101807,6344.098266167566,1094675296#2
6710135969,13.4662422,52.5520135,1774.093096017954,9142.646118321456,
6712158503,13.4577752,52.5495814,1194.2775703236694,8884.37718753051,
7820342821,13.481156,52.5412199,2759.9300227899803,7920.760156790726,
8245782776,13.4560716,52.5495884,1078.7896537226625,8887.625901460648,
8459440164,13.46888,52.5319562,1905.5936901152018,6908.018615221605,1095295161#3
8461582189,13.4780992,52.5270965,2519.512463586696,6354.283475419506,1331648323#1
8491450219,13.4768042,52.533436,2446.546795227099,7061.232948249206,1136169600#0
8491450219,13.4768042,52.533436,2446.546795227099,7061.232948249206,1136169600#0
8528758493,13.4788443,52.5376289,2594.7468827351695,7524.660722106695,
8579073017,13.4767547,52.5531601,2489.497830485343,9255.076166113839,
9073606224,13.4578066,52.5499705,1197.331479684799,8927.608474402688,
9073606225,13.4576039,52.5499215,1183.4719811532414,8922.452314548194,
9073823860,13.4662136,52.5518023,1771.654765237181,9119.197049611248,
9073871707,13.4566394,52.5497228,1117.6063912065001,8901.750651660375,
9073875617,13.4673241,52.5529588,1849.6756662635016,9246.226543138735,
9279640084,13.4558126,52.548643,1058.9790638572886,8782.851685270667,
9397557434,13.4660866,52.5506028,1760.2083260573563,8985.968180700205,
9399663276,13.465486,52.5471126,1711.232796660508,8598.643905249424,
9413144113,13.4577843,52.5495684,1194.8636486906908,8882.91810390167,
9413160557,13.4578513,52.5495951,1199.4697400531732,8885.790661377832,
9420324070,13.4562135,52.5492553,1087.617842994281,8850.371743594296,
9420348884,13.4560826,52.5492395,1078.7051179557457,8848.804319876246,
9420357285,13.4562036,52.5492676,1086.9758853141684,8851.754144926555,
9420371732,13.4562092,52.5492605,1087.3386739203706,8850.956339706667,
9420708664,13.4584145,52.5494778,1237.376119568944,8871.92824890744,
9420729820,13.4583578,52.5495833,1233.7825405345066,8883.744389204308,
9420737110,13.4554373,52.5490962,1034.6120784599334,8833.80246818997,
9420761440,13.4552957,52.5490745,1024.9597837228794,8831.594457222149,
9423506468,13.4548199,52.5489674,992.4449488057289,8820.373230836354,
9423507588,13.454938,52.5490036,1000.5384878937621,8824.228025753982,
9431583525,13.4626297,52.5499454,1524.2768195042154,8917.83843265567,
9431615644,13.4625859,52.5500391,1521.529245830956,8928.3232891839,
9431617648,13.4625366,52.5501069,1518.3474062969908,8935.935421030037,
9431683744,13.4606716,52.5503019,1392.3640033776173,8960.319835275412,
9431768938,13.4600182,52.5501676,1347.7451946542715,8946.327905799262,
9431788883,13.4600205,52.5498,1347.0285161457723,8905.439065270126,
9431809851,13.4593433,52.5500165,1301.6285299350857,8930.498961823992,
9574750329,13.4568975,52.5420685,1116.8997881914256,8050.044344750233,
9692661749,13.4571603,52.531997,1110.7725747297518,6929.485239924863,-1134051835#0
9692661750,13.4573337,52.5318128,1122.0959325256408,6908.746647772379,1202226349
9888789494,13.4694019,52.5326157,1942.5485198186943,6980.619084842503,456810312#2
9937337158,13.4615806,52.5302488,1406.4454735594918,6728.645878258161,1201860311#3
10035606445,13.4579777,52.5500048,1209.0135383650777,8931.17548479978,
11380847469,13.4602191,52.5505059,1362.169061253895,8983.663899896666,
11554854404,13.4631164,52.531457,1513.4805484206881,6860.805525382981,1125489341#0
11598530649,13.4694831,52.5324512,1947.6680337043945,6962.206158712506,456810312#3
11681018020,13.4745728,52.5357319,2300.5987554316525,7319.785843942314,4687244#3
12400201480,13.4610469,52.5302349,1370.2115664453595,6727.8716673078015,1095296641#8
12860639460,13.4577535,52.5496117,1192.8783362156246,8887.778685156256,
12887376565,13.4561682,52.5289456,1036.2213215906522,6591.540085522458,1229835539
12887376566,13.4561164,52.5289474,1032.7119013695628,6591.815446412191,1229835539
13205263635,13.4696036,52.5284673,1946.445442102151,6518.933056917973,1135049478#19
23028123,13.46947575,52.5441849,1974.8477914591786,8267.27114858292,
25759960,13.462806933333333,52.5473997,1530.2612045881106,8634.442421336658,
25768156,13.454130323076923,52.55113737692307,950.861646876554,9062.725486955605,
25814888,13.45418511111111,52.54448662222222,938.7290715340059,8322.9309260007,
25815138,13.4644887,52.5479117875,1645.5032635566313,8688.970335305668,
25823723,13.484239161538461,52.536607592307696,2958.234724069247,7403.369518940337,367221664#1
25823723,13.484239161538461,52.536607592307696,2958.234724069247,7403.369518940337,367221664#1
25823840,13.483548492307692,52.536189846153846,2910.4168603755534,7357.890631719492,367221664#1
25823867,13.483361307692308,52.537057230769236,2899.749217460165,7454.6304481532425,
25823867,13.483361307692308,52.537057230769236,2899.749217460165,7454.6304481532425,
26298848,13.4539997,52.55103192,941.7543619466596,9051.186022737063,
26629251,13.4766432625,52.5271423,2420.8562774213497,6361.460982307792,197742437#0
26629252,13.477494329999999,52.52719781,2478.7187192480196,6366.416796643287,1375537395
26629255,13.472820473333334,52.527839693333334,2163.1784788819496,6444.506947069429,-921710428
28937568,13.4686328,52.533032649999996,1891.36712220544,7028.099965253845,978758986#3
29431382,13.459609566666666,52.52866756666666,1268.996506218682,6555.628846447915,129490504#0
35073117,13.455932025,52.54774713125,1064.9440559051,8683.037424215116,
38159803,13.480939688888888,52.531777794444444,2723.155945363862,6870.890794608742,1221701891
38211158,13.481941144444445,52.52897118888889,2784.5168343715486,6557.30308844056,-1123798425#0
38212302,13.48132201,52.53028147,2745.5860343480017,6703.919681658037,1328793149#3
38212303,13.48137294,52.53110832,2750.9756960145314,6795.81154563278,993318686#1
38244926,13.4828907,52.532459575000004,2857.083017040335,6943.93682840094,1273199656
38244926,13.4828907,52.532459575000004,2857.083017040335,6943.93682840094,1273199656
38320233,13.467509873684211,52.528039621052635,1803.411835923791,6474.379038113169,-439032745#1
38320233,13.467509873684211,52.528039621052635,1803.411835923791,6474.379038113169,-439032745#1
38320240,13.468545058333333,52.527448316666664,1872.236670895887,6407.12217945233,169107328#4
38320240,13.468545058333333,52.527448316666664,1872.236670895887,6407.12217945233,169107328#4
38352880,13.46919295,52.528670375,1919.068896186829,6542.1103103179485,328735280#2
38555695,13.48069107,52.53173471,2706.191762671573,6866.453786394559,53339839
39529441,13.481671111111112,52.53127823333333,2771.5979070546455,6814.284264609218,-1273199665#1
39529522,13.481546033333332,52.53018458333333,2760.554876951908,6692.823956067674,1328793148
39529597,13.482225213793104,52.52928453793104,2804.5188035473693,6591.749384466559,1221700404
41764116,13.469927183333333,52.52670774166666,1964.2463096112479,6322.765086282045,23814658#1
42033357,13.45761731,52.53215628,1142.1489781671553,6946.53820098564,957550802
43887852,13.475626158333334,52.552758358333335,2412.0443909110036,9212.00906572584,
43887854,13.4752058,52.5519304875,2381.6000722622266,9120.532903645188,
43887854,13.4752058,52.5519304875,2381.6000722622266,9120.532903645188,
43942033,13.483183652380953,52.53626893809523,2885.8578862721915,7367.207468086854,
44131349,13.479390725,52.5368512625,2629.982392707956,7437.388665986247,
45250600,13.482825918181819,52.54759192727273,2888.073706105002,8627.094237202778,
47009314,13.45739505,52.5257978,1111.958366804407,6239.6548291780055,128391377
47127804,13.46841086,52.530679899999996,1870.7606311790296,6766.740368085913,47127806#3
47253747,13.467384690476191,52.52940255238096,1798.13916449697,6626.148053565994,290075136#2
47441374,13.486309025,52.5469762125,3122.8042498287396,8553.652548715472,
50537738,13.48270353125,52.5279592875,2833.8652712434996,6443.669185318984,38238527#0
75619322,13.45705552,52.53534569999999,1111.628390764934,7302.087971895933,4687303#4
75619326,13.457373262499999,52.53515105625,1132.7156474100193,7279.978511548601,4687303#4
84404796,13.481288730769231,52.528278353846154,2738.6406568009406,6481.175088848919,591622864#3
96566609,13.481584016666666,52.531101391666674,2765.276597373071,6794.739723586477,993318686#1
96566612,13.481532966666668,52.53027685833334,2759.8844857267686,6703.105684624985,1328793149#3
109137984,13.456928099999999,52.542256959999996,1119.4230533440132,8070.9609932871535,
109768062,13.458091307692307,52.52678451538462,1161.5348455503117,6348.390435804613,-1082762764
115941393,13.469876,52.52644245,1960.1487286314368,6293.332275286317,112452830#0
117819796,13.457055936363638,52.55305531818181,1153.7737775280257,9271.798712462187,
121553901,13.460018233333335,52.54769997916667,1341.8898353016702,8671.872130508535,
121553901,13.460018233333335,52.54769997916667,1341.8898353016702,8671.872130508535,
135438002,13.470484010000002,52.52865431,2006.607033664768,6538.4668410932645,-1135049475
137118021,13.475865596428573,52.552411164285715,2427.461504464736,9173.050141334534,
148649847,13.466853645,52.526529440000004,1755.3295965708094,6307.3582591973245,439032741
156138101,13.46052788,52.547330239999994,1375.5681436372688,8630.01133099012,
156580741,13.4637552625,52.545548825,1590.1786560317269,8427.213484279811,
156580742,13.462519316666667,52.54840679166667,1513.1464391072514,8746.86949390173,
156580746,13.4694065875,52.5462117,1974.9395921909017,8492.797141736373,
156580747,13.461768858064515,52.54776990967742,1460.753646686091,8677.118148235604,
244270841,13.457690246875,52.55177185625,1193.7253967733122,9128.129002232105,
251402150,13.477940764285716,52.52817589285714,2511.2966526913806,6474.5630723480135,1375537453
266531791,13.466817805263156,52.52695647368421,1753.9072845125338,6354.905662600882,439032741
269873652,13.4615904875,52.5286070625,1403.2240075807786,6546.033448750153,1052744898#1
285188123,13.481117377777778,52.52752781111111,2725.2604967620573,6397.942273375578,1123796964
289151317,13.457402544444443,52.55310951111111,1177.4009190904908,9277.323752049357,
305168745,13.456688127272729,52.53253517272728,1080.0263105125632,6990.026886804029,42033364#0
305475876,13.4575983,52.5328567,1142.5244788066484,7024.468213909306,42033364#0
317836043,13.455739000000001,52.529135575,1007.5598784182221,6613.292396879755,29278174#1
317836066,13.455155434482759,52.529855,969.6882880366175,6694.155694762245,393241758#1
317858421,13.461902630508476,52.53031616949153,1428.448531927832,6735.673324496485,317858524#1
323588533,13.455070575,52.544083775000004,997.8114312598482,8276.839324662462,
326610454,13.469729642307692,52.550102554999995,2006.0222381142084,8925.084840011783,
326610455,13.470018012692307,52.55092924769231,2027.5233252536855,9016.617446545511,
326610707,13.46883718,52.55019503999999,1945.7319461724837,8936.654956293292,
326610722,13.46881265,52.5509269,1945.79622342519,9018.089884096757,
326610889,13.468056105454545,52.55074743636364,1894.0799845887814,8999.218169701286,
360106702,13.461333664705883,52.54780260588235,1431.3237245636992,8681.383843292482,
371914973,13.471635957142857,52.533332185714286,2095.7645191163756,7057.097293738276,563341819#1
371914975,13.47175245882353,52.53427750294117,2105.892727183411,7162.070701287128,-563341819#1
375431525,13.476528475,52.527379350000004,2413.626171679818,6387.990662861615,197742437#0
389153117,13.474000158333332,52.55157005833333,2299.0135617690394,9082.172933677211,
389155663,13.479375541666668,52.53673874166666,2628.6889580950374,7424.8954744990915,
415222780,13.482958858333333,52.527951691666665,2851.1673300381517,6442.460285292938,38238527#0
429587422,13.4821408,52.52943735,2799.1503018046496,6608.865980816074,1221700404
437672217,13.462881566666667,52.54753673333334,1535.646298266307,8649.57585342601,
437672220,13.462878475,52.5481037875,1536.7802202252788,8712.649688645266,
437672221,13.46053795,52.547797433333336,1377.3595528306905,8681.959311895072,
437672223,13.462977933333333,52.5474251,1541.9158152079908,8637.020492006093,
437672225,13.462735566666666,52.548391083333335,1527.771431674657,8744.80997024849,
437672252,13.4631624,52.548101242857136,1556.0250510080368,8711.956607339904,
437672253,13.454510083333332,52.54441595,960.5964774675085,8314.598567030393,
443718437,13.4815749875,52.53594255,2775.992789089447,7333.199943494052,
451792442,13.457498425,52.552921312500004,1183.4536271555116,9256.252795325592,
451792443,13.457226923076924,52.551918669230766,1162.6626203821506,9145.129511511885,
473934083,13.46701658235294,52.52932014117647,1772.9751574107795,6617.512355105951,1133126927#0
476122468,13.454819066666666,52.54345506666667,979.2596067629056,8207.277881458402,
476122470,13.454163771428572,52.54370895,935.4291365460958,8236.467161079869,
494497710,13.456364985714286,52.53414702142857,1061.943191871571,7169.769448702224,32470252
496657168,13.4555478875,52.53644825,1012.0017479482922,7426.903545577079,4687303#4
513015071,13.469166593939393,52.53229019480519,1925.8206026861444,6944.754040459171,456810312#3
567540932,13.4689395,52.551159033333334,1954.9442984994384,9043.72594249621,
567540939,13.46817848076923,52.55066208076923,1902.175310515333,8989.54851842206,
567540939,13.46817848076923,52.55066208076923,1902.175310515333,8989.54851842206,
631356623,13.477117641666666,52.52755165,2453.9964499236667,6406.310903704725,1375537395
638332625,13.4863295625,52.5470996875,3124.484873108682,8567.356613098644,
669628058,13.457710522580646,52.53244982580645,1149.1690272523556,6979.051984271035,42033359#1
692426635,13.46066255,52.54770845,1385.5966794493143,8671.882098831236,
692426636,13.46054345,52.54790865,1377.9963810672052,8694.321184719913,
760193958,13.4553223,52.54758512608696,1023.2170725017204,8665.90360433422,
915545477,13.472786525,52.534657925000005,2176.9226223811274,7202.89762789011,456806329#0
1023022210,13.461513425,52.52846095,1397.650244568882,6529.893879301846,1133102267
1039827892,13.454427994444444,52.54324485555556,952.2403380688047,8184.465564884245,
1042961552,13.4689496,52.5500493625,1953.0101521342294,8920.290535604581,
1042965324,13.46830089,52.55039866,1909.8525439695804,8960.073898049071,
1042965325,13.468445975,52.55018515,1919.1851169263246,8936.117881479673,
1117819400,13.468603366666665,52.53298783333333,1889.2650104297209,7023.157697134651,978758986#3
1132991609,13.475537600000001,52.54649252777778,2391.316548327275,8515.23123523686,
1304963615,13.455441175,52.536579825000004,1005.0776575539494,7441.692541573197,
1433767664,13.467970769230769,52.55179548461538,1890.7693853917299,9115.90804208722,
1433767664,13.467970769230769,52.55179548461538,1890.7693853917299,9115.90804208722,
