poi_id,x,y
100575042,1117.130262,689.636204
100575042,1122.740793,667.512341
100575042,1117.000346,666.048504
100575042,1116.385158,668.298814
100575042,1116.829559,668.444736
100575042,1115.452306,673.972358
100575042,1115.879199,674.552647
100575042,1115.17839,675.391647
100575042,1113.879602,674.975371
100575042,1114.017488,674.46044
100575042,1110.228556,673.465164
100575042,1110.089319,674.224934
100575042,1108.355382,673.773809
100575042,1108.162827,672.743213
100575042,1109.057906,672.400642
100575042,1110.328588,666.964406
100575042,1111.045575,667.159915
100575042,1111.676173,664.68671
100575042,1105.751322,663.171342
100575042,1103.630759,671.597525
100575042,1100.214494,685.24908
100575042,1108.481203,687.39124
100575042,1117.130262,689.636204
104786907,856.972308,77.833263
104786907,855.697129,90.691803
104786907,816.007191,83.329311
104786907,819.105836,51.14597
104786907,832.733896,52.267062
104786907,833.929904,38.597959
104786907,847.237631,39.659455
104786907,846.100341,52.003058
104786907,838.282541,51.175502
104786907,836.997831,64.824322
104786907,844.893314,65.483232
104786907,844.43218,70.690101
104786907,843.967519,76.653728
104786907,856.972308,77.833263
105347632,291.543246,301.013421
105347632,291.966745,300.52546
105347632,287.277663,295.723009
105347632,285.470888,297.488207
105347632,285.942916,297.956141
105347632,283.610948,299.911129
105347632,285.731463,301.855563
105347632,282.750912,308.498686
105347632,281.314026,307.985565
105347632,280.174605,309.847117
105347632,275.213446,305.92985
105347632,278.675561,298.663928
105347632,281.515247,292.702741
105347632,284.180221,287.123806
105347632,288.51092,278.024653
105347632,314.196409,302.954985
105347632,303.702418,313.872203
105347632,302.282915,315.350544
105347632,295.901698,321.991807
105347632,295.742358,322.151157
105347632,291.181924,318.547617
105347632,292.624083,316.868468
105347632,292.208074,316.477174
105347632,299.753164,308.763878
105347632,295.132437,303.982147
105347632,294.657468,304.293216
105347632,291.543246,301.013421
105354131,200.909943,374.825841
105354131,202.607108,375.444391
105354131,204.578648,370.125736
105354131,215.514054,374.398852
105354131,213.57095,379.472056
105354131,210.479692,387.530925
105354131,208.363383,393.053117
105354131,207.494078,392.727613
105354131,197.580996,388.943509
105354131,200.67329,380.62867
105354131,201.172584,379.282171
105354131,199.463595,378.741781
105354131,200.909943,374.825841
105354133,197.580996,388.943509
105354133,207.494078,392.727613
105354133,205.418792,397.959568
105354133,204.429542,400.463186
105354133,202.412582,405.571432
105354133,192.753771,401.926307
105354133,194.667965,396.775846
105354133,197.580996,388.943509
105354134,208.363383,393.053117
105354134,210.479692,387.530925
105354134,220.996741,391.613116
105354134,220.682984,392.454715
105354134,222.759491,393.342975
105354134,220.918776,397.835245
105354134,208.363383,393.053117
105354135,189.514184,410.633918
105354135,199.685585,415.346951
105354135,193.956719,430.197128
105354135,183.842043,425.894564
105354135,186.1187,419.957045
105354135,189.514184,410.633918
105354430,187.259767,456.074284
105354430,202.557029,462.063543
105354430,209.711985,442.696994
105354430,194.497762,437.084194
105354430,187.259767,456.074284
105733616,410.752976,478.361602
105733616,410.557871,480.86969
105733616,410.363014,483.3889
105733616,408.868043,483.31102
105733616,388.709727,481.502475
105733616,379.637209,480.692579
105733616,373.890035,480.164474
105733616,372.060406,479.993935
105733616,364.911245,479.296873
105733616,357.508065,475.434107
105733616,360.052495,470.536693
105733616,360.52656,470.793163
105733616,362.842472,465.388985
105733616,369.093016,468.698878
105733616,372.989723,469.034649
105733616,394.281034,470.817817
105733616,394.858973,463.571908
105733616,395.458831,456.091828
105733616,395.654427,453.605983
105733616,396.851157,453.70165
105733616,409.293838,454.669971
105733616,411.219445,454.882891
105733616,412.724439,455.105208
105733616,412.501946,457.60278
105733616,412.279951,460.122596
105733616,410.790762,460.000076
105733616,410.529155,463.17731
105733616,410.443965,464.225216
105733616,409.760711,472.530606
105733616,409.284394,478.249749
105733616,410.752976,478.361602
105733627,351.200417,480.805103
105733627,351.11439,481.207623
105733627,349.882038,481.94734
105733627,348.978155,485.539533
105733627,347.251354,485.110768
105733627,334.501212,481.923941
105733627,334.296448,481.87288
105733627,337.042703,476.5926
105733627,337.296945,476.731577
105733627,339.659357,472.194307
105733627,344.748937,462.43283
105733627,360.052495,470.536693
105733627,357.508065,475.434107
105733627,354.313462,473.71395
105733627,352.563283,474.365091
105733627,350.016874,479.173531
105733627,350.947668,480.732859
105733627,351.200417,480.805103
105733629,232.191013,483.900581
105733629,232.932141,485.475259
105733629,254.582464,490.866289
105733629,258.974846,490.300664
105733629,260.638972,486.713701
105733629,260.279252,485.197253
105733629,238.574694,473.742814
105733629,232.191013,483.900581
105733631,338.942548,499.640092
105733631,333.665793,496.775831
105733631,331.862737,496.882905
105733631,331.970394,497.448011
105733631,331.179648,497.599221
105733631,330.928425,496.380791
105733631,330.301913,494.770154
105733631,329.360033,493.322355
105733631,328.775506,492.678889
105733631,334.501212,481.923941
105733631,347.251354,485.110768
105733631,346.283614,486.757042
105733631,343.105317,485.158933
105733631,340.81661,489.349595
105733631,343.857485,490.872881
105733631,340.999526,495.710546
105733631,338.942548,499.640092
105733640,357.936624,461.20334
105733640,358.336697,463.008212
105733640,362.842472,465.388985
105733640,360.52656,470.793163
105733640,360.114546,470.579817
105733640,344.748937,462.43283
105733640,344.481126,462.294156
105733640,348.835699,453.96233
105733640,353.196823,445.619234
105733640,353.457849,445.758059
105733640,364.360156,451.601242
105733640,360.20567,459.472346
105733640,358.731218,459.705598
105733640,357.936624,461.20334
105733646,309.466914,518.248058
105733646,301.789914,516.405612
105733646,301.660204,516.675577
105733646,299.080685,516.054472
105733646,296.41926,515.412944
105733646,296.475341,515.189136
105733646,296.76104,514.003211
105733646,296.966052,514.065392
105733646,299.704848,502.687279
105733646,299.957846,502.770643
105733646,308.248412,504.7329
105733646,311.267865,498.923493
105733646,311.954722,499.286477
105733646,321.914876,504.583117
105733646,320.173742,507.459607
105733646,315.745412,520.077275
105733646,309.378404,518.539357
105733646,309.466914,518.248058
105733654,360.619466,431.521469
105733654,363.418811,426.184382
105733654,363.625566,426.324421
105733654,365.306739,427.444129
105733654,378.611148,436.293775
105733654,375.756278,441.576456
105733654,372.129788,439.665639
105733654,370.33136,440.284469
105733654,364.360156,451.601242
105733654,353.457849,445.758059
105733654,358.541697,436.041237
105733654,360.85286,431.638657
105733654,360.619466,431.521469
105733909,222.688972,479.973702
105733909,212.133514,494.486764
105733909,198.907169,491.255307
105733909,185.680806,488.023885
105733909,196.137061,465.745847
105733909,201.781145,468.03423
105733909,197.12796,476.962648
105733909,197.849681,478.882714
105733909,203.987367,480.481261
105733909,204.893006,480.004755
105733909,205.323139,480.117533
105733909,205.865308,477.957752
105733909,207.332838,478.325504
105733909,206.797453,480.485133
105733909,207.268539,480.608122
105733909,207.795015,481.386406
105733909,210.253697,482.065808
105733909,210.394483,481.684315
105733909,210.604105,481.345793
105733909,210.868745,481.039422
105733909,211.189152,480.798569
105733909,211.544723,480.612568
105733909,211.928924,480.492693
105733909,212.382708,480.449154
105733909,212.838732,480.505715
105733909,213.276147,480.640586
105733909,213.668313,480.876618
105733909,214.0077,481.180599
105733909,214.273957,481.552982
105733909,217.330282,476.788693
105733909,222.688972,479.973702
105733910,179.84954,469.793711
105733910,178.409401,473.07524
105733910,177.486085,472.762079
105733910,177.193191,473.62547
105733910,177.891576,474.199603
105733910,178.473323,473.808238
105733910,180.392837,474.355035
105733910,180.8834,472.619259
105733910,182.809698,473.165905
105733910,182.319134,474.901681
105733910,181.260386,474.602678
105733910,181.367314,475.134415
105733910,184.748572,476.093599
105733910,186.328008,474.789684
105733910,188.132125,470.787836
105733910,187.007837,469.077081
105733910,181.676311,466.803974
105733910,181.849273,466.343867
105733910,180.235537,465.812479
105733910,179.379319,467.890272
105733910,179.84954,469.793711
109089263,1202.916169,520.896303
109089263,1204.636789,538.495427
109089263,1206.377055,538.312173
109089263,1207.526835,551.595312
109089263,1206.864231,551.710156
109089263,1205.543694,558.883377
109089263,1211.17409,559.971422
109089263,1219.716333,523.41692
109089263,1219.112071,522.796045
109089263,1219.832171,520.37651
109089263,1217.33382,520.654463
109089263,1216.865483,520.041702
109089263,1202.916169,520.896303
109089264,1185.00952,553.25201
109089264,1190.647945,553.171453
109089264,1190.637337,552.6932
109089264,1196.025497,552.651583
109089264,1196.035364,553.096469
109089264,1201.362962,553.078457
109089264,1199.716833,535.166107
109089264,1198.469451,534.314691
109089264,1185.543567,535.102134
109089264,1184.185547,536.300658
109089264,1185.00952,553.25201
12688199,383.192472,649.208768
12688199,383.085378,650.490846
12688199,386.977816,651.249571
12688199,389.288109,651.064414
12688199,391.454847,650.225933
12688199,393.428557,648.64621
12688199,394.806684,646.534539
12688199,395.465057,644.105119
12688199,395.744505,640.816207
12688199,394.645352,640.529191
12688199,396.226378,622.589411
12688199,394.766436,622.254817
12688199,395.290448,616.545732
12688199,393.262649,616.312848
12688199,393.840011,610.257612
12688199,395.893457,610.423156
12688199,396.184166,607.334291
12688199,394.203353,607.078102
12688199,394.755174,601.702225
12688199,396.71191,601.792038
12688199,397.058207,598.457121
12688199,395.119336,598.255633
12688199,396.692759,582.708478
12688199,398.636432,582.820838
12688199,400.587339,562.903198
12688199,398.36835,560.493556
12688199,387.847646,558.046854
12688199,384.273979,557.281003
12688199,384.059277,556.785054
12688199,383.66603,555.892499
12688199,375.074357,553.814443
12688199,373.573399,559.845811
12688199,371.225548,561.389391
12688199,372.586545,563.673535
12688199,372.974325,564.321403
12688199,375.444783,567.960587
12688199,352.878575,583.821149
12688199,344.798246,589.131634
12688199,323.480386,603.139491
12688199,330.21065,613.037328
12688199,328.664552,617.956952
12688199,327.396788,617.718232
12688199,326.910418,619.643069
12688199,318.87947,617.140853
12688199,316.401417,618.019711
12688199,313.899047,626.310159
12688199,314.801269,627.502904
12688199,315.434307,629.102266
12688199,336.662347,635.371037
12688199,337.212687,633.87875
12688199,365.639538,642.167744
12688199,365.238611,643.968263
12688199,370.732741,645.937479
12688199,383.192472,649.208768
130777430,857.973462,71.879958
130777430,857.524442,71.834309
130777430,856.972308,77.833263
130777430,878.799204,79.829227
130777430,882.199225,42.86548
130777430,868.146549,41.575651
130777430,867.643089,47.017139
130777430,862.820666,46.579152
130777430,862.186791,53.481262
130777430,866.920761,53.910088
130777430,865.571028,68.606343
130777430,858.333908,67.943882
130777430,857.973462,71.879958
131506530,328.519445,506.727763
131506530,333.665793,496.775831
131506530,338.942548,499.640092
131506530,333.526006,509.954145
131506530,329.517046,523.419256
131506530,322.631232,521.74826
131506530,315.745412,520.077275
131506530,320.173742,507.459607
131506530,324.412218,508.510997
131506530,324.275365,508.15797
131506530,324.239774,507.780424
131506530,324.306192,507.411726
131506530,324.4613,507.063299
131506530,324.705843,506.768512
131506530,325.013182,506.550215
131506530,325.363215,506.419984
131506530,325.742622,506.389246
131506530,326.117482,506.45876
131506530,326.481013,506.628675
131506530,326.785476,506.888933
131506530,327.003489,507.229018
131506530,327.12752,507.615714
131506530,327.136471,508.016111
131506530,327.029846,508.407964
131506530,326.827251,508.757452
131506530,326.534722,509.031056
131506530,328.241165,509.460269
131506530,329.566742,508.640568
131506530,328.519445,506.727763
131506531,368.335327,503.434203
131506531,370.06529,497.019376
131506531,368.99093,496.932108
131506531,373.890035,480.164474
131506531,379.637209,480.692579
131506531,377.531042,505.810328
131506531,377.205201,509.756811
131506531,371.163366,509.101763
131506531,372.429839,504.422086
131506531,368.335327,503.434203
131515670,205.418792,397.959568
131515670,207.494078,392.727613
131515670,208.363383,393.053117
131515670,220.918776,397.835245
131515670,226.641845,400.010614
131515670,226.291926,400.752872
131515670,221.100047,412.608775
131515670,214.843595,410.256178
131515670,216.28683,406.807677
131515670,214.64434,403.172292
131515670,216.178886,399.254384
131515670,214.487769,398.602311
131515670,213.5259,401.116442
131515670,205.418792,397.959568
137000584,1095.422288,716.713147
137000584,1098.504279,703.903581
137000584,1106.948568,706.097433
137000584,1115.208209,708.228633
137000584,1106.171791,719.412201
137000584,1105.436658,718.093204
137000584,1104.936029,718.47153
137000584,1102.792863,717.929343
137000584,1102.906939,717.259152
137000584,1101.235824,718.108568
137000584,1095.422288,716.713147
137000585,1151.06687,717.525563
137000585,1160.944322,720.077172
137000586,1132.745149,712.780062
137000586,1142.028738,715.177899
137000586,1151.06687,717.525563
137000589,1082.266819,720.588333
137000589,1083.139354,716.785563
137000589,1082.737388,716.716594
137000589,1083.449847,713.651803
137000589,1083.115339,713.258635
137000589,1083.428841,712.0944
137000589,1090.471354,713.818605
137000589,1090.234447,715.07016
137000589,1089.480599,715.353961
137000589,1089.140368,718.06553
137000589,1088.447197,718.025283
137004052,1071.19022,713.857262
137004052,1073.230401,714.346084
137004052,1072.932445,715.598996
137004052,1075.136422,716.128692
1405662,698.414847,728.347525
1405662,702.09182,726.752231
1405662,701.313087,724.699837
1405662,699.271225,723.832865
1405662,697.073032,724.783187
1405662,695.305945,720.104432
1405662,704.999568,715.91586
1405662,714.693207,711.727309
1405662,714.89455,712.234695
1405662,716.480381,716.394495
1405662,714.28243,717.355932
1405662,713.379544,719.479176
1405662,714.165305,721.542544
1405662,717.835504,719.947413
1405662,720.497173,727.310269
1405662,698.414847,728.347525
147686966,1320.20623,514.10134
147686966,1321.840428,514.031753
147686966,1321.421465,555.168698
147686966,1321.439733,540.368566
147686966,1322.775981,528.688351
147686966,1320.948881,528.628679
147686966,1320.20623,514.10134
1494044,220.013288,463.531198
1494044,217.885027,462.755375
1494044,213.718877,474.643974
1494044,204.411614,469.110381
1494044,201.781145,468.03423
1494044,196.137061,465.745847
1494044,172.580588,456.169216
1494044,176.818919,444.77971
1494044,177.938349,442.028362
1494044,183.842043,425.894564
1494044,193.956719,430.197128
1494044,198.274023,432.036715
1494044,199.031419,430.395118
1494044,211.534261,434.955842
1494044,213.177715,430.445726
1494044,227.188208,438.077377
1494044,221.943641,452.126617
1494044,223.791519,452.808567
1494044,220.013288,463.531198
1505129,276.721634,480.790107
1505129,264.597367,503.46136
1505129,263.138922,504.106008
1505129,263.217775,504.293415
1505129,262.762235,505.472014
1505129,262.238059,505.706294
1505129,261.754338,505.928541
1505129,260.657204,505.430082
1505129,260.57835,505.242675
1505129,259.019141,505.93409
1505129,255.067814,504.976481
1505129,253.081726,504.486784
1505129,253.218284,503.916216
1505129,249.110922,502.962103
1505129,247.896402,502.677699
1505129,245.010094,501.996719
1505129,244.891898,502.477855
1505129,238.592682,500.938511
1505129,231.645248,499.246765
1505129,231.763443,498.765629
1505129,227.736734,497.776346
1505129,223.710272,496.798188
1505129,223.592078,497.279324
1505129,217.682025,495.842575
1505129,238.798131,460.673895
1505129,243.677774,463.380027
1505129,243.950695,463.140239
1505129,246.532855,464.484558
1505129,251.422575,467.034683
1505129,251.109879,467.620319
1505129,263.261147,474.069617
1505129,263.646727,473.404457
1505129,268.975832,476.178452
1505129,271.310767,477.394782
1505129,271.115704,477.777487
1505129,276.721634,480.790107
1505141,162.81106,482.437905
1505141,168.44659,467.367219
1505141,172.580588,456.169216
1505141,196.137061,465.745847
1505141,185.680806,488.023885
1505141,174.249332,485.230805
1505141,162.81106,482.437905
1547630,1202.916169,520.896303
1547630,1188.998064,522.239868
1547630,1177.314973,523.366977
1547630,1179.216538,550.95469
1547630,1179.093962,559.503426
1547630,1198.807516,559.043902
1547630,1205.543694,558.883377
1547630,1206.864231,551.710156
1547630,1207.526835,551.595312
1547630,1206.377055,538.312173
1547630,1204.636789,538.495427
1547630,1202.916169,520.896303
162018681,1261.659675,481.982491
162018681,1262.919978,484.947885
162018681,1262.399207,485.337768
162018681,1263.052902,487.88263
162018681,1271.116624,487.592625
162018681,1289.723191,487.091246
162018681,1289.521574,484.425086
162018681,1289.053231,484.424337
162018681,1287.90927,480.88885
162018681,1284.731392,480.825743
162018681,1282.074226,477.001091
162018681,1277.801386,471.020107
162018681,1265.570877,479.915082
162018681,1264.728909,480.512381
162018681,1264.540317,480.271753
162018681,1261.659675,481.982491
172283309,943.126014,690.074306
172283309,938.36848,684.894446
172283309,953.502327,671.093543
172283309,954.255247,671.989273
172283309,956.802249,669.629231
172283309,956.671922,668.040875
172283309,954.218548,665.758607
172283309,957.68232,662.810676
172283309,961.109954,659.763403
172283309,967.945907,667.456445
172283309,943.126014,690.074306
1846133,1081.138592,699.426363
1846133,1089.957978,701.70088
1846133,1098.504279,703.903581
1846133,1095.422288,716.713147
1846160,1115.208209,708.228633
1846160,1124.007457,710.514784
1846160,1132.745149,712.780062
194728663,863.323873,41.126542
194728663,847.237631,39.659455
194728663,846.100341,52.003058
194728663,859.663265,53.248078
194728663,862.186791,53.481262
194728663,862.820666,46.579152
194728663,863.323873,41.126542
194728665,844.893314,65.483232
194728665,844.43218,70.690101
194728665,857.524442,71.834309
194728665,857.973462,71.879958
194728665,858.333908,67.943882
194728665,859.663265,53.248078
194728665,846.100341,52.003058
194728665,844.893314,65.483232
194728666,855.697129,90.691803
194728666,877.46019,94.703282
194728666,878.799204,79.829227
194728666,856.972308,77.833263
194728666,855.697129,90.691803
2169369,1300.865945,499.863645
2169369,1299.173688,492.412257
2169369,1295.959421,487.030949
2169369,1292.432226,481.31162
2169369,1292.936345,481.089024
2169369,1289.513355,476.090684
2169369,1284.094797,468.33241
2169369,1282.981874,466.810335
2169369,1279.058924,462.835694
2169369,1264.725569,473.01244
2169369,1254.450754,480.417507
2169369,1257.078408,488.11521
2169369,1259.232425,494.655013
2169369,1261.088196,500.600537
2169369,1271.705883,500.39858
2169369,1282.988647,500.193035
2169369,1300.865945,499.863645
23787848,1309.684047,561.192849
23787848,1321.500135,560.864294
23787848,1321.421465,555.168698
23787848,1321.439733,540.368566
23787848,1320.948881,528.628679
23787848,1320.20623,514.10134
23787848,1310.445327,514.373231
23787848,1306.565388,514.481451
23787848,1306.519817,522.227281
23787848,1306.477304,525.822443
23787848,1315.331483,525.370335
23787848,1315.610181,532.741769
23787848,1307.911388,532.956853
23787848,1308.117083,540.096225
23787848,1314.897816,539.801332
23787848,1315.80827,552.71145
23787848,1309.452478,552.88565
23787848,1309.684047,561.192849
23816399,1258.400529,535.511816
23816399,1264.69937,534.604389
23816399,1265.01414,526.451995
23816399,1275.581443,526.429203
23816399,1275.28224,524.566395
23816399,1274.987479,515.247984
23816399,1266.824883,515.362135
23816399,1258.033842,515.601506
23816399,1258.400529,535.511816
23816400,1293.834875,524.700497
23816400,1294.148618,514.968008
23816400,1282.042316,515.069376
23816400,1274.987479,515.247984
23816400,1275.28224,524.566395
23816400,1287.58624,524.505139
23816400,1287.215657,527.384276
23816400,1293.834875,524.700497
23816402,1294.148618,514.968008
23816402,1293.834875,524.700497
23816402,1299.835151,522.264121
23816402,1306.519817,522.227281
23816402,1306.565388,514.481451
23816402,1294.148618,514.968008
23816404,1226.17682,551.838272
23816404,1229.034659,540.224433
23816404,1241.167034,541.9139
23816404,1239.689674,549.057204
23816404,1238.989692,549.629104
23816404,1239.763667,550.557792
23816404,1242.504883,548.683216
23816404,1249.295572,550.368728
23816404,1249.669075,548.847092
23816404,1249.313598,548.732568
23816404,1248.200308,547.499827
23816404,1248.886399,542.933421
23816404,1253.858641,543.724532
23816404,1252.837193,557.044682
23816404,1226.17682,551.838272
23816413,1210.116532,665.306717
23816413,1203.433415,663.262794
23816413,1199.627474,662.112041
23816413,1195.818468,677.652799
23816413,1195.146264,680.393977
23816413,1206.281468,683.652205
23816413,1207.531408,678.806222
23816413,1208.548353,679.061858
23816413,1209.384362,675.74954
23816413,1208.380984,675.493602
23816413,1209.229575,672.136494
23816413,1217.31087,674.182801
23816413,1216.736588,676.443317
23816413,1225.425326,678.64308
23816413,1225.787461,677.221841
23816413,1232.353378,678.878925
23816413,1229.41953,690.427687
23816413,1243.970221,694.678518
23816413,1248.246352,676.935304
23816413,1247.583643,676.738571
23816413,1228.990164,671.064013
23816413,1210.116532,665.306717
23838768,1316.52634,500.26222
23838768,1324.862622,486.846807
23838768,1317.745656,488.818274
23838768,1313.282455,481.595185
23838768,1308.886107,484.129537
23838768,1314.658448,493.46012
23838768,1316.52634,500.26222
23838772,1247.36154,505.378124
23838772,1261.8741,504.21072
23838772,1261.088196,500.600537
23838772,1259.232425,494.655013
23838772,1246.430517,495.528565
23838772,1247.36154,505.378124
23838777,1295.959421,487.030949
23838777,1299.173688,492.412257
23838777,1300.865945,499.863645
23838777,1304.572469,499.892794
23838777,1304.827536,500.376758
23838777,1305.346439,500.821493
23838777,1305.907655,501.03161
23838777,1306.329987,501.100146
23838777,1316.52634,500.26222
23838777,1314.658448,493.46012
23838777,1308.886107,484.129537
23838777,1304.770865,486.791195
23838777,1295.959421,487.030949
23838780,1279.058924,462.835694
23838780,1273.270385,457.066346
23838780,1263.364454,464.274047
23838780,1261.789853,461.82749
23838780,1263.748735,460.482139
23838780,1252.509389,443.97308
23838780,1247.388732,447.513901
23838780,1249.747075,451.022458
23838780,1245.198021,454.016485
23838780,1251.22882,462.139485
23838780,1255.551403,459.339654
23838780,1257.662798,462.731286
23838780,1264.725569,473.01244
23838780,1279.058924,462.835694
23838782,1249.271835,480.409908
23838782,1253.199201,477.540942
23838782,1254.450754,480.417507
23838782,1264.725569,473.01244
23838782,1257.662798,462.731286
23838782,1253.326521,465.831864
23838782,1257.316941,471.318346
23838782,1252.004504,475.085966
23838782,1248.280385,469.671479
23838782,1243.985317,472.793408
23838782,1249.271835,480.409908
23838784,1233.321335,456.828017
23838784,1247.388732,447.513901
23838784,1241.009716,438.074437
23838784,1227.024205,447.409011
23838784,1233.321335,456.828017
23838786,1205.470639,477.241623
23838786,1226.880263,462.957488
23838786,1231.167433,460.091654
23838786,1230.284777,458.853803
23838786,1233.321335,456.828017
23838786,1227.024205,447.409011
23838786,1212.746786,456.738972
23838786,1198.397756,466.204096
23838786,1205.470639,477.241623
23838791,1193.554424,506.727046
23838791,1191.999904,499.984802
23838791,1191.093439,496.143622
23838791,1179.462786,478.831087
23838791,1178.727154,479.937912
23838791,1177.987945,481.189476
23838791,1176.788535,482.807333
23838791,1173.224965,486.46948
23838791,1172.226611,487.971602
23838791,1171.693268,489.018303
23838791,1171.206552,490.331033
23838791,1170.939884,491.772412
23838791,1170.757586,493.345451
23838791,1170.785714,494.613377
23838791,1171.025258,496.232696
23838791,1171.498047,497.657671
23838791,1172.147466,499.089856
23838791,1173.097355,500.604396
23838791,1174.183045,501.815477
23838791,1175.159079,502.672908
23838791,1176.378844,503.502677
23838791,1177.882055,504.259392
23838791,1180.000634,504.913436
23838791,1181.477447,505.092102
23838791,1183.170854,505.243708
23838791,1185.50985,505.737079
23838791,1186.843089,506.174866
23838791,1188.453484,506.561996
23838791,1190.964175,506.840136
23838791,1192.021983,506.794418
23838791,1193.554424,506.727046
23838793,1233.034372,506.641609
23838793,1232.083844,495.301383
23838793,1222.907926,495.938816
23838793,1224.711739,494.641398
23838793,1223.263253,481.965772
23838793,1222.89225,478.702478
23838793,1217.958026,482.383856
23838793,1220.486854,504.293707
23838793,1221.074573,507.841513
23838793,1231.18555,506.82726
23838793,1233.034372,506.641609
23838796,1209.960076,505.228182
23838796,1215.216804,504.766653
23838796,1220.486854,504.293707
23838796,1217.958026,482.383856
23838796,1211.733979,486.972925
23838796,1205.44309,491.607995
23838796,1209.960076,505.228182
23874948,990.363168,643.912879
23874948,996.184674,638.33097
23874948,1000.017313,636.098172
23874948,995.010446,629.16563
23874948,995.642798,628.606324
23874948,996.011656,627.184917
23874948,995.255772,626.155715
23874948,993.640591,625.857778
23874948,992.847267,626.198108
23874948,990.724295,623.207438
23874948,991.909462,622.48006
23874948,992.505612,623.345896
23874948,997.053888,620.941406
23874948,996.988113,620.119422
23874948,998.735153,620.547963
23874948,1001.018734,624.046939
23874948,1005.441062,621.166767
23874948,1003.680813,620.449198
23874948,999.345042,613.479486
23874948,994.84254,616.417083
23874948,986.064247,622.109211
23874948,978.242357,627.468525
23874948,985.597324,637.442352
23874948,990.363168,643.912879
23874950,1033.439168,667.959628
23874950,1041.957926,670.14059
23874950,1050.148832,672.228699
23874950,1053.514177,659.346043
23874950,1055.851362,650.592323
23874950,1050.069428,649.096102
23874950,1049.44169,651.39121
23874950,1049.790133,651.494748
23874950,1048.065266,657.564238
23874950,1049.360017,658.71501
23874950,1048.353453,659.538557
23874950,1040.914669,657.700807
23874950,1040.525617,656.685706
23874950,1042.498081,656.263554
23874950,1044.314077,649.713549
23874950,1044.546455,649.786281
23874950,1045.072074,647.782759
23874950,1039.303948,646.297371
23874950,1036.949402,655.185017
23874950,1033.439168,667.959628
23874952,1066.812462,676.565614
23874952,1070.080156,663.562736
23874952,1053.514177,659.346043
23874952,1050.148832,672.228699
23874952,1064.655211,676.001501
23874952,1066.812462,676.565614
23874955,1083.503195,680.901984
23874955,1086.892529,667.262141
23874955,1088.948685,658.993167
23874955,1083.20242,657.574009
23874955,1082.644844,659.667257
23874955,1083.062358,659.824901
23874955,1081.711286,665.307442
23874955,1082.695209,666.520763
23874955,1081.395095,667.573372
23874955,1074.909275,665.859072
23874955,1074.53095,664.409752
23874955,1076.040504,663.619553
23874955,1077.278222,658.228549
23874955,1077.74976,658.373866
23874955,1078.254052,656.326311
23874955,1072.296248,654.856224
23874955,1070.080156,663.562736
23874955,1066.812462,676.565614
23874955,1083.503195,680.901984
23874957,1100.214494,685.24908
23874957,1103.630759,671.597525
23874957,1086.892529,667.262141
23874957,1083.503195,680.901984
23874957,1085.148449,681.332814
23874957,1100.214494,685.24908
23874970,1146.413656,677.580474
23874970,1139.971293,675.987528
23874970,1135.658065,694.488352
23874970,1138.708408,695.232974
23874970,1155.097808,699.453866
23874970,1158.09622,686.846495
23874970,1150.164653,684.819219
23874970,1149.959287,684.434309
23874970,1149.645381,684.051808
23874970,1149.210601,683.727627
23874970,1148.799628,683.558704
23874970,1148.377061,683.47906
23874970,1147.916261,683.51154
23874970,1147.491353,683.632246
23874970,1147.208904,683.74979
23874970,1146.86861,684.013276
23874970,1145.34621,683.613082
23874970,1144.593814,682.127548
23874970,1145.470884,681.585086
23874970,1146.413656,677.580474
23874975,1176.460511,705.133474
23874975,1179.759478,702.400785
23874975,1181.735725,694.500838
23874975,1171.466133,691.713078
23874975,1171.321951,692.250403
23874975,1170.112842,691.898888
23874975,1170.257764,691.39493
23874975,1169.511052,690.165202
23874975,1162.612476,688.504455
23874975,1162.065945,687.426073
23874975,1161.434937,687.74052
23874975,1158.09622,686.846495
23874975,1155.097808,699.453866
23874975,1176.460511,705.133474
23874978,1150.134369,666.937788
23874978,1143.860848,665.307707
23874978,1142.002798,672.414986
23874978,1152.631741,675.183585
23874978,1152.519258,675.620059
23874978,1161.482588,677.958276
23874978,1163.202771,671.365935
23874978,1167.175841,672.401676
23874978,1167.499972,671.10368
23874978,1168.996185,665.428777
23874978,1163.282392,663.94204
23874978,1163.60751,662.688532
23874978,1156.542135,660.853451
23874978,1155.165695,666.113978
23874978,1154.660488,665.980529
23874978,1153.909862,668.856986
23874978,1150.960767,668.087852
23874978,1150.134369,666.937788
23874982,1170.782453,671.909938
23874982,1167.499972,671.10368
23874982,1167.175841,672.401676
23874982,1165.555928,678.925025
23874982,1182.765572,683.406002
23874982,1186.39125,668.781764
23874982,1179.034439,666.964244
23874982,1178.008738,667.843826
23874982,1176.039851,669.345223
23874982,1174.900574,673.977336
23874982,1171.966288,673.2635
23874982,1170.782453,671.909938
23874991,1193.345123,584.502659
23874991,1196.709556,585.329374
23874991,1196.159816,587.778517
23874991,1195.585901,590.361728
23874991,1204.081522,592.109509
23874991,1204.650384,589.604305
23874991,1204.965528,588.206362
23874991,1205.268584,586.875454
23874991,1207.985493,574.419025
23874991,1211.17409,559.971422
23874991,1205.543694,558.883377
23874991,1198.807516,559.043902
23874991,1193.345123,584.502659
23875007,1115.302739,545.228971
23875007,1121.446989,543.779536
23875007,1121.579715,544.255079
23875007,1121.749441,544.562885
23875007,1121.972698,544.836121
23875007,1122.200518,545.009106
23875007,1122.461763,545.159095
23875007,1122.769509,545.263541
23875007,1123.048884,545.312979
23875007,1123.394865,545.3053
23875007,1123.725796,545.231189
23875007,1124.075105,545.06765
23875007,1124.328945,544.883974
23875007,1124.534803,544.679108
23875007,1124.67307,544.486869
23875007,1124.770632,544.295534
23875007,1124.847843,544.104651
23875007,1124.904208,543.891975
23875007,1124.926407,543.66893
23875007,1124.919989,543.379754
23875007,1126.993524,542.922012
23875007,1126.908287,542.445415
23875007,1130.048007,541.708077
23875007,1130.182213,542.250352
23875007,1131.991669,541.820728
23875007,1131.864247,541.278302
23875007,1135.206747,540.503084
23875007,1132.766733,529.340582
23875007,1117.087709,532.993468
23875007,1115.06943,533.494499
23875007,1113.225312,533.891515
23875007,1111.071354,534.395559
23875007,1115.302739,545.228971
23875011,1116.35083,570.432048
23875011,1121.576132,568.557904
23875011,1130.226242,569.923791
23875011,1132.211583,570.080028
23875011,1133.241671,563.89246
23875011,1123.343678,562.264945
23875011,1121.496214,560.981761
23875011,1115.302739,545.228971
23875011,1111.071354,534.395559
23875011,1105.428366,535.800496
23875011,1100.415065,537.747843
23875011,1088.881219,542.232398
23875011,1093.652659,553.543419
23875011,1106.302986,582.539392
23875011,1114.249575,579.425304
23875011,1111.623612,573.341139
23875011,1111.057962,573.542864
23875011,1103.934801,556.575557
23875011,1102.555949,557.140292
23875011,1101.118111,556.270872
23875011,1100.657275,555.079318
23875011,1101.399897,553.371432
23875011,1103.58184,552.5997
23875011,1103.72061,553.041724
23875011,1108.427761,551.368239
23875011,1108.396546,550.879316
23875011,1110.349812,550.201684
23875011,1111.914816,550.99039
23875011,1112.487649,552.335246
23875011,1111.822233,553.852247
23875011,1110.814026,554.297476
23875011,1113.113631,560.355502
23875011,1111.714921,560.94293
23875011,1112.975052,563.897165
23875011,1114.272989,563.356484
23875011,1114.660551,564.304858
23875011,1114.334322,565.202309
23875011,1116.35083,570.432048
23875026,1072.389308,565.821943
23875026,1066.815518,551.390765
23875026,1065.133861,552.073511
23875026,1047.524232,559.252447
23875026,1052.844971,577.873216
23875026,1057.537543,576.767514
23875026,1056.742012,573.647188
23875026,1057.092684,573.850825
23875026,1057.543879,573.996592
23875026,1058.06069,574.040753
23875026,1058.581074,573.940175
23875026,1058.964545,573.787
23875026,1059.298799,573.557024
23875026,1059.682879,573.125644
23875026,1059.852839,572.832551
23875026,1059.999482,572.406444
23875026,1060.051399,571.993569
23875026,1060.015371,571.593774
23875026,1059.911752,571.206608
23875026,1059.720189,570.832522
23875026,1064.052465,569.089425
23875026,1072.389308,565.821943
23875030,1023.490851,585.847218
23875030,1034.234262,580.923828
23875030,1047.448969,574.810555
23875030,1049.08489,579.403319
23875030,1052.992999,578.426311
23875030,1052.844971,577.873216
23875030,1047.524232,559.252447
23875030,1028.46678,568.166138
23875030,1017.460638,573.484844
23875030,1023.490851,585.847218
23875032,1015.592801,589.004888
23875032,1016.074411,587.770148
23875032,1016.700257,587.834137
23875032,1019.290912,586.519159
23875032,1019.577586,587.202704
23875032,1020.342569,587.41939
23875032,1023.490851,585.847218
23875032,1017.460638,573.484844
23875032,1004.21649,579.799151
23875032,1012.915825,594.0718
23875032,1017.971536,590.676825
23875032,1017.14213,589.393317
23875032,1015.592801,589.004888
23875037,1003.680813,620.449198
23875037,1005.441062,621.166767
23875037,1009.413491,622.781034
23875037,1011.486997,616.214167
23875037,1007.900277,615.158838
23875037,1006.878811,613.479004
23875037,1007.317289,613.357986
23875037,1007.083044,612.895829
23875037,1007.363764,612.700422
23875037,999.05845,599.665323
23875037,998.560398,599.854432
23875037,998.253864,599.193585
23875037,997.426616,599.534669
23875037,996.384903,597.554841
23875037,998.379692,596.609176
23875037,998.628002,597.093275
23875037,1002.435406,595.250508
23875037,1002.199923,594.732741
23875037,1005.261487,593.22925
23875037,1006.365241,595.252212
23875037,1006.165184,595.412444
23875037,1006.144251,596.30312
23875037,1010.184478,602.800916
23875037,1008.937873,606.567501
23875037,1009.315815,607.082103
23875037,1013.958732,608.325392
23875037,1016.564783,600.066423
23875037,1015.937545,599.023232
23875037,1012.915825,594.0718
23875037,1004.21649,579.799151
23875037,984.711867,589.657676
23875037,999.345042,613.479486
23875037,1003.680813,620.449198
23875039,970.872581,596.675215
23875039,959.238493,601.829971
23875039,978.242357,627.468525
23875039,986.064247,622.109211
23875039,982.709333,616.519798
23875039,980.561907,613.040059
23875039,977.396518,614.757299
23875039,974.731125,610.265331
23875039,977.84101,608.493685
23875039,977.35315,607.614316
23875039,970.872581,596.675215
24054787,1002.718642,706.353721
24054787,996.443274,704.946423
24054787,998.922663,693.129409
24054787,1000.353263,692.452216
24054787,1000.038578,691.424338
24054787,993.371821,689.814315
24054787,992.751451,690.607036
24054787,993.489558,691.447462
24054787,990.857753,703.735227
24054787,985.047625,702.495647
24054787,991.062547,676.301034
24054787,999.810971,678.432309
24054787,1008.792889,680.992389
24054787,1004.551021,698.100805
24054787,1002.718642,706.353721
24054909,985.047625,702.495647
24054909,978.937032,701.173729
24054909,982.062017,685.425426
24054909,971.813815,671.087108
24054909,970.318173,670.975692
24054909,970.225432,673.82643
24054909,963.303964,680.300779
24054909,962.209308,680.213834
24054909,955.105441,686.725633
24054909,955.151614,687.581435
24054909,953.427509,689.099739
24054909,952.398359,689.211638
24054909,946.882943,694.20816
24054909,940.288211,692.785777
24054909,943.126014,690.074306
24054909,967.945907,667.456445
24054909,977.594585,657.872517
24054909,984.205853,667.061679
24054909,991.062547,676.301034
24054909,985.047625,702.495647
24054910,946.359056,636.144618
24054910,945.53973,636.841619
24054910,945.863901,637.379667
24054910,945.848914,638.537275
24054910,941.936904,641.472924
24054910,938.681053,636.982974
24054910,941.132383,635.20369
24054910,954.214574,625.88834
24054910,960.213731,634.100719
24054910,962.194861,636.816338
24054910,965.97505,641.995689
24054910,950.848337,653.070117
24054910,947.344962,648.741451
24054910,951.131044,645.942138
24054910,952.262099,646.139548
24054910,952.663857,646.809403
24054910,953.531163,646.133592
24054910,946.359056,636.144618
24054911,941.132383,635.20369
24054911,939.389631,631.915269
24054911,936.405592,633.851057
24054911,924.684959,617.709506
24054911,939.134313,610.967587
24054911,938.742409,610.130598
24054911,941.7466,608.795257
24054911,943.258891,610.875889
24054911,944.022111,610.402688
24054911,944.896999,613.120638
24054911,945.890964,614.478369
24054911,950.889155,621.322035
24054911,954.214574,625.88834
24054911,941.132383,635.20369
24054912,905.392491,626.717939
24054912,915.428345,622.03257
24054912,924.684959,617.709506
24054912,936.405592,633.851057
24054912,938.681053,636.982974
24054912,941.936904,641.472924
24054912,943.02471,642.472483
24054912,937.965179,646.301603
24054912,927.594554,632.266539
24054912,926.006612,631.667572
24054912,922.232194,633.465156
24054912,920.607081,634.246845
24054912,919.527323,636.051279
24054912,935.080758,656.380616
24054912,930.433081,660.111566
24054912,929.742445,659.270094
24054912,913.339076,637.346165
24054912,905.392491,626.717939
24054913,897.677027,646.318411
24054913,892.568796,640.0225
24054913,888.289844,634.698509
24054913,903.827444,627.453787
24054913,905.392491,626.717939
24054913,913.339076,637.346165
24054913,909.592543,639.176522
24054913,908.785623,638.905148
24054913,908.523739,638.421356
24054913,903.789884,640.718781
24054913,903.780775,643.05579
24054913,897.677027,646.318411
24054916,838.641868,674.660856
24054916,831.07013,660.752874
24054916,843.701022,655.264048
24054916,845.912593,654.302369
24054916,853.170526,666.614972
24054916,844.515389,671.425537
24054916,838.641868,674.660856
24054918,848.982076,693.726115
24054918,838.641868,674.660856
24054918,844.515389,671.425537
24054918,848.943576,679.795148
24054918,851.76959,678.385819
24054918,857.742542,689.380574
24054918,863.152352,697.639334
24054918,866.333177,697.535183
24054918,866.294991,698.25933
24054918,865.82013,698.269895
24054918,865.083553,700.24475
24054918,870.786214,709.465108
24054918,871.541144,708.925313
24054918,873.981094,709.382904
24054918,875.970513,712.165071
24054918,875.621884,714.798953
24054918,873.89138,716.028109
24054918,875.70873,718.702827
24054918,869.123683,723.511811
24054918,861.854015,712.801831
24054918,858.597491,707.978118
24054918,848.982076,693.726115
24054921,907.671229,667.839566
24054921,912.417954,664.596007
24054921,926.097056,654.354835
24054921,929.742445,659.270094
24054921,918.465686,667.666282
24054921,918.328279,669.727952
24054921,933.689176,687.201758
24054921,935.720234,687.279004
24054921,938.36848,684.894446
24054921,943.126014,690.074306
24054921,940.288211,692.785777
24054921,936.777372,696.05747
24054921,934.318936,698.126235
24054921,908.528141,668.833125
24054921,907.671229,667.839566
24054923,797.332451,706.537457
24054923,794.342347,698.135875
24054923,787.935124,680.140435
24054923,803.32384,673.232528
24054923,808.581841,685.033206
24054923,803.632432,686.790275
24054923,807.486634,698.032435
24054923,802.968178,699.635252
24054923,804.428513,703.953658
24054923,797.332451,706.537457
24054924,802.009119,719.664133
24054924,801.292471,717.654853
24054924,797.332451,706.537457
24054924,804.428513,703.953658
24054924,802.968178,699.635252
24054924,807.486634,698.032435
24054924,807.62419,698.418841
24054924,807.92723,698.311947
24054924,809.837811,703.34363
24054924,812.772984,702.265678
24054924,814.570119,706.164867
24054924,814.71015,706.662495
24054924,814.776303,707.19515
24054924,814.761793,707.762984
24054924,814.6792,708.321205
24054924,814.52149,708.858843
24054924,814.294953,709.353502
24054924,814.012908,709.793759
24054924,813.681892,710.16834
24054924,813.31473,710.443576
24054924,812.925484,710.64141
24054924,809.155177,711.704569
24054924,810.742462,716.543151
24054924,802.009119,719.664133
24054925,802.588459,721.29813
24054925,802.009119,719.664133
24054925,810.742462,716.543151
24054925,812.715721,721.951781
24054925,820.438196,719.153764
243911399,1033.439168,667.959628
243911399,1036.949402,655.185017
243911399,1027.666138,652.809621
243911399,1027.033473,651.521742
243911399,1028.173622,650.906649
243911399,1029.417489,646.405706
243911399,1031.872997,646.952052
243911399,1032.443987,644.546925
243911399,1024.54473,642.452365
243911399,1019.044244,664.317973
243911399,1030.96159,667.335879
243911399,1033.439168,667.959628
243911401,1072.389308,565.821943
243911401,1064.052465,569.089425
243911401,1066.19188,569.765212
243911401,1067.574179,573.940763
243911401,1063.959746,575.000258
243911401,1063.90536,575.301912
243911401,1068.30485,592.17386
243911401,1079.932952,589.18939
243911401,1083.479754,570.71666
243911401,1075.161883,573.00447
243911401,1072.389308,565.821943
243911404#1,1177.602401,601.187221
243911404#1,1169.081251,599.206372
243911404#1,1168.009549,603.213839
243911404#1,1165.940717,602.658846
243911404#1,1165.151343,605.625181
243911404#1,1167.213143,606.169202
243911404#1,1164.488078,616.110995
243911404#1,1172.924469,618.861522
243911404#1,1176.027709,606.997393
243911404#1,1176.781947,606.424279
243911404#1,1179.205263,607.049306
243911404#1,1178.980042,607.91113
243911404#1,1179.406687,608.480302
243911404#1,1183.481313,609.502677
243911404#1,1183.756242,608.7399
243911404#1,1185.264106,609.095919
243911404#1,1186.071259,608.766441
243911404#1,1186.722635,610.287605
243911404#1,1186.160445,612.48109
243911404#1,1183.002258,611.772212
243911404#1,1182.168463,612.124537
243911404#1,1181.688173,613.726442
243911404#1,1182.19277,614.750118
243911404#1,1183.435323,615.078639
243911404#1,1182.051566,621.541103
243911404#1,1196.653321,625.634882
243911404#1,1197.067134,623.789645
243911404#1,1200.882117,606.679763
243911404#1,1177.602401,601.187221
243911407,1049.08489,579.403319
243911407,1049.92014,582.478251
243911407,1049.26026,582.715459
243911407,1053.178034,595.925974
243911407,1055.218036,597.015687
243911407,1058.854531,596.033588
243911407,1059.613663,594.45886
243911407,1068.30485,592.17386
243911407,1063.90536,575.301912
243911407,1057.537543,576.767514
243911407,1052.844971,577.873216
243911407,1052.992999,578.426311
243911407,1049.08489,579.403319
243911410,1186.761813,641.733409
243911410,1192.399892,643.477789
243911410,1194.016779,643.853648
243911410,1195.773529,636.459321
243911410,1195.953485,635.698651
243911410,1196.177226,634.770095
243911410,1198.304873,626.043356
243911410,1196.653321,625.634882
243911410,1182.051566,621.541103
243911410,1172.924469,618.861522
243911410,1164.488078,616.110995
243911410,1162.864149,615.724175
243911410,1161.00271,621.763266
243911410,1187.733225,629.838683
243911410,1187.310288,631.272401
243911410,1189.384656,631.771642
243911410,1189.003902,633.27119
243911410,1188.796566,634.02134
243911410,1188.559258,634.950197
243911410,1188.192196,636.761014
243911410,1186.761813,641.733409
243911413,1178.433181,646.591767
243911413,1181.807319,647.551786
243911413,1183.722299,640.866113
243911413,1176.188448,638.718694
243911413,1174.67655,643.993347
243911413,1169.991036,642.661832
243911413,1171.534627,637.286325
243911413,1164.246709,635.211361
243911413,1157.846602,633.383772
243911413,1156.794897,637.068098
243911413,1156.467311,638.210384
243911413,1162.64885,639.976055
243911413,1160.242518,648.375167
243911413,1172.735196,651.937032
243911413,1174.41668,646.046596
243911413,1177.374294,646.893448
243911413,1178.433181,646.591767
243911422,1066.815518,551.390765
243911422,1072.389308,565.821943
243911422,1075.161883,573.00447
243911422,1083.479754,570.71666
243911422,1079.932952,589.18939
243911422,1079.664096,590.530676
243911422,1085.945391,592.505463
243911422,1086.545135,589.254005
243911422,1088.574357,588.329869
243911422,1089.012669,586.061228
243911422,1087.44346,584.471433
243911422,1089.379979,574.480334
243911422,1085.239115,564.668675
243911422,1084.273694,564.289515
243911422,1078.880648,565.944871
243911422,1076.972887,560.723859
243911422,1087.823231,556.332343
243911422,1097.696025,579.447806
243911422,1100.046074,585.026218
243911422,1106.302986,582.539392
243911422,1093.652659,553.543419
243911422,1088.881219,542.232398
243911422,1077.454832,546.97053
243911422,1066.815518,551.390765
243911429,990.363168,643.912879
243911429,995.761154,651.037022
243911429,1001.90723,659.146035
243911429,1002.062404,659.40965
243911429,1002.181436,659.57392
243911429,1002.354737,659.736984
243911429,1002.616722,659.920333
243911429,1002.910895,660.025073
243911429,1003.21037,660.062929
243911429,1003.434482,660.069077
243911429,1019.044244,664.317973
243911429,1024.54473,642.452365
243911429,1018.892656,640.997805
243911429,1016.859138,648.142418
243911429,1017.825088,649.767849
243911429,1016.518692,650.842871
243911429,1011.585213,649.3501
243911429,1009.676155,646.822031
243911429,1009.848333,646.629035
243911429,1010.018286,646.335941
243911429,1010.146549,645.999262
243911429,1010.206479,645.641845
243911429,1010.198818,645.297059
243911429,1010.137135,644.9646
243911429,1010.021922,644.666714
243911429,1009.845655,644.370184
243911429,1009.664334,644.151659
243911429,1009.408391,643.934793
243911429,1009.064506,643.731009
243911429,1008.674864,643.606134
243911429,1008.287199,643.570237
243911429,1007.89448,643.612346
243911429,1007.530379,643.720584
243911429,1007.161718,643.929073
243911429,1003.266003,638.741131
243911429,1001.620232,638.288083
243911429,1000.017313,636.098172
243911429,996.184674,638.33097
243911429,990.363168,643.912879
243911431,1169.229623,597.634085
243911431,1169.797338,591.71272
243911431,1163.696533,590.223438
243911431,1161.993454,596.058718
243911431,1169.229623,597.634085
243911434,1015.937545,599.023232
243911434,1021.229969,596.201638
243911434,1017.971536,590.676825
243911434,1012.915825,594.0718
243911434,1015.937545,599.023232
243911444,1233.034372,506.641609
243911444,1247.36154,505.378124
243911444,1246.430517,495.528565
243911444,1243.326404,495.730912
243911444,1243.257717,494.163441
243911444,1232.083844,495.301383
243911444,1233.034372,506.641609
243911448,982.709333,616.519798
243911448,990.20356,611.991219
243911448,991.075404,613.351672
243911448,992.427698,612.509304
243911448,994.84254,616.417083
243911448,986.064247,622.109211
243911448,982.709333,616.519798
243911450,1148.73258,618.140852
243911450,1161.00271,621.763266
243911450,1162.864149,615.724175
243911450,1157.185324,613.980731
243911450,1145.285568,610.227703
243911450,1145.140152,610.709418
243911450,1143.449189,616.477671
243911450,1148.73258,618.140852
243911453,1180.333161,652.692069
243911453,1181.807319,647.551786
243911453,1183.722299,640.866113
243911453,1186.761813,641.733409
243911453,1192.399892,643.477789
243911453,1188.985086,657.819153
243911453,1181.778118,655.720113
243911453,1180.333161,652.692069
243911455,1200.882117,606.679763
243911455,1202.430191,607.01264
243911455,1204.549478,597.295731
243911455,1204.795672,596.155254
243911455,1205.072332,594.858313
243911455,1205.588156,592.409923
243911455,1204.081522,592.109509
243911455,1195.585901,590.361728
243911455,1194.842267,593.861168
243911455,1194.106528,597.104499
243911455,1178.425068,593.602185
243911455,1177.152655,591.927885
243911455,1178.096846,591.962577
243911455,1178.17837,590.436284
243911455,1177.177193,590.280452
243911455,1177.398206,585.557435
243911455,1170.039671,585.197681
243911455,1170.034138,588.31354
243911455,1169.797338,591.71272
243911455,1169.229623,597.634085
243911455,1169.081251,599.206372
243911455,1177.602401,601.187221
243911455,1200.882117,606.679763
243911456,1151.307805,587.683026
243911456,1152.366539,582.785632
243911456,1162.402135,585.111192
243911456,1161.990054,586.422267
243911456,1170.034138,588.31354
243911456,1169.797338,591.71272
243911456,1163.696533,590.223438
243911456,1151.307805,587.683026
243911457,970.872581,596.675215
243911457,977.35315,607.614316
243911457,987.986555,602.326054
243911457,987.909839,605.287711
243911457,992.427698,612.509304
243911457,994.84254,616.417083
243911457,999.345042,613.479486
243911457,984.711867,589.657676
243911457,970.872581,596.675215
243911460,1145.285568,610.227703
243911460,1151.307805,587.683026
243911460,1163.696533,590.223438
243911460,1161.993454,596.058718
243911460,1161.273027,598.767588
243911460,1161.701155,599.403491
243911460,1161.016623,602.200586
243911460,1160.390907,602.448149
243911460,1157.185324,613.980731
243911460,1145.285568,610.227703
243911466,1195.706562,491.757169
243911466,1196.112617,490.479614
243911466,1194.267123,487.449322
243911466,1193.17169,487.328959
243911466,1192.260905,487.883286
243911466,1191.865336,487.491465
243911466,1191.837707,485.633765
243911466,1193.316869,485.612085
243911466,1194.709689,484.757748
243911466,1195.026317,485.262596
243911466,1195.428054,485.320452
243911466,1198.075795,483.514691
243911466,1198.199142,482.955574
243911466,1197.930249,482.460795
243911466,1199.444443,481.570385
243911466,1199.718396,480.76312
243911466,1201.361485,481.093891
243911466,1201.647152,481.732958
243911466,1200.436758,482.549863
243911466,1200.395313,483.129419
243911466,1202.143978,486.384413
243911466,1203.321806,486.547461
243911466,1203.243355,487.906771
243911466,1201.360235,488.994531
243911466,1200.791243,488.128068
243911466,1198.17693,489.910831
243911466,1198.800194,490.77609
243911466,1196.738594,492.079236
243911466,1195.706562,491.757169
243911467,1143.698276,553.378484
243911467,1144.120835,551.622069
243911467,1144.422517,549.923975
243911467,1144.653272,547.78235
243911467,1144.709373,545.722494
243911467,1144.612152,543.176424
243911467,1144.21471,540.559123
243911467,1149.655423,539.826376
243911467,1149.823058,540.957675
243911467,1151.114726,541.663438
243911467,1151.958282,542.056443
243911467,1152.942572,542.368431
243911467,1154.05477,542.633072
243911467,1155.096167,542.765752
243911467,1156.135343,542.798333
243911467,1157.064495,542.76659
243911467,1157.924081,542.658497
243911467,1158.78897,542.483521
243911467,1159.827527,542.182288
243911467,1161.1795,541.629293
243911467,1162.987474,540.520928
243911467,1164.416904,539.176155
243911467,1164.083743,537.926125
243911467,1168.848781,537.330794
243911467,1169.211181,540.204809
243911467,1169.386833,542.003588
243911467,1169.505876,545.227959
243911467,1169.451249,547.966567
243911467,1169.320268,550.016956
243911467,1169.054967,552.437537
243911467,1168.808042,554.15667
243911467,1168.461578,555.978159
243911467,1168.05406,557.801003
243911467,1167.768155,558.986875
243911467,1143.698276,553.378484
243911468,1181.735725,694.500838
243911468,1182.086252,693.168874
243911468,1184.52688,683.867674
243911468,1182.765572,683.406002
243911468,1165.555928,678.925025
243911468,1164.859544,678.740178
243911468,1163.652197,683.362676
243911468,1172.949884,685.782516
243911468,1171.466133,691.713078
243911468,1181.735725,694.500838
3297488,1205.44309,491.607995
3297488,1211.733979,486.972925
3297488,1205.470639,477.241623
3297488,1198.397756,466.204096
3297488,1179.462786,478.831087
3297488,1191.093439,496.143622
3297488,1191.999904,499.984802
3297488,1205.44309,491.607995
3297489,1137.110614,565.431234
3297489,1177.891535,574.140674
3297489,1179.093962,559.503426
3297489,1179.216538,550.95469
3297489,1177.314973,523.366977
3297489,1135.926941,528.914367
3297489,1132.766733,529.340582
3297489,1135.206747,540.503084
3297489,1136.044296,543.9897
3297489,1136.276453,545.887373
3297489,1136.194955,548.637706
3297489,1135.820627,550.426434
3297489,1134.211072,557.416922
3297489,1138.483225,558.46826
3297489,1137.110614,565.431234
386993597,890.888476,649.306952
386993597,887.985586,650.617818
386993597,884.850898,643.643741
386993597,892.568796,640.0225
386993597,897.677027,646.318411
386993597,912.417954,664.596007
386993597,907.671229,667.839566
386993597,908.528141,668.833125
386993597,906.745569,670.163575
386993597,905.752839,668.861463
386993597,901.676697,663.499568
386993597,895.391811,655.26023
386993597,890.888476,649.306952
386993602,879.618323,652.506471
386993602,872.228102,642.177495
386993602,879.436363,638.834634
386993602,879.59421,636.472061
386993602,882.002294,637.631408
386993602,888.289844,634.698509
386993602,892.568796,640.0225
386993602,884.850898,643.643741
386993602,887.985586,650.617818
386993602,884.84283,652.434765
386993602,884.72222,654.640723
386993602,886.039238,656.180426
386993602,886.284093,656.50881
386993602,884.054287,657.871472
386993602,879.618323,652.506471
386993604,950.848337,653.070117
386993604,965.97505,641.995689
386993604,967.251561,642.935421
386993604,968.196763,643.626582
386993604,969.191625,645.941275
386993604,969.596209,646.433026
386993604,972.167985,648.545756
386993604,973.270672,651.436691
386993604,974.084645,652.331066
386993604,975.825553,653.705585
386993604,975.369337,654.249851
386993604,975.894792,654.683278
386993604,976.959846,654.659607
386993604,977.594585,657.872517
386993604,967.945907,667.456445
386993604,961.109954,659.763403
386993604,957.68232,662.810676
386993604,955.231603,659.426711
386993604,950.848337,653.070117
386993606,940.263458,649.54429
386993606,937.965179,646.301603
386993606,943.02471,642.472483
386993606,945.502084,645.833594
386993606,940.263458,649.54429
386993607,951.337362,664.687636
386993607,950.368797,665.387954
386993607,949.563444,664.270838
386993607,950.531761,663.559397
386993607,951.337362,664.687636
386993612,1101.235824,718.108568
386993612,1095.422288,716.713147
386993612,1101.235824,718.108568
386993617,834.104737,725.136726
386993617,832.278315,720.225566
386993617,830.772952,715.407409
386993617,820.438196,719.153764
386993624,950.531761,663.559397
386993624,955.231603,659.426711
386993624,957.68232,662.810676
386993624,954.218548,665.758607
386993624,952.940047,666.866409
386993624,951.337362,664.687636
386993624,950.531761,663.559397
386993626,950.531761,663.559397
386993626,940.263458,649.54429
386993626,945.502084,645.833594
386993626,947.344962,648.741451
386993626,950.848337,653.070117
386993626,955.231603,659.426711
386993626,950.531761,663.559397
386993629,903.780775,643.05579
386993629,912.595099,654.554927
386993629,915.156296,654.664886
386993629,922.145012,649.079186
386993629,926.097056,654.354835
386993629,912.417954,664.596007
386993629,897.677027,646.318411
386993629,903.780775,643.05579
419277952,334.956061,679.575006
419277952,330.293302,677.754159
419277952,328.441212,682.647243
419277952,322.549737,680.208469
419277952,323.998745,676.715357
419277952,326.465381,670.773655
419277952,329.054008,669.680904
419277952,331.10026,670.436349
419277952,331.245276,670.243936
419277952,333.147181,669.400222
419277952,333.407451,669.50568
419277952,334.258152,667.483676
419277952,336.901052,666.389715
419277952,340.599351,667.876043
419277952,341.248211,666.236894
419277952,352.694537,670.932849
419277952,348.844302,680.866924
419277952,348.382225,682.056788
419277952,336.725801,677.677117
419277952,336.218478,678.968143
419277952,335.321849,678.632102
419277952,334.956061,679.575006
422928009,381.430599,513.868657
422928009,380.864768,521.047532
422928009,378.781764,521.383399
422928009,378.696832,522.442428
422928009,389.359457,523.339193
422928009,389.310827,523.896665
422928009,391.595461,524.079298
422928009,391.920567,520.099449
422928009,390.220595,519.95939
422928009,390.358708,518.24264
422928009,392.05868,518.382699
422928009,392.51611,512.730741
422928009,390.23147,512.548107
422928009,390.189127,513.083182
422928009,379.533015,512.17514
422928009,379.448082,513.234169
422928009,381.430599,513.868657
422928026,215.035707,380.017917
422928026,213.57095,379.472056
422928026,215.514054,374.398852
422928026,219.829904,376.171725
422928026,234.928819,382.388084
422928026,227.859776,397.412863
422928026,226.641845,400.010614
422928026,220.918776,397.835245
422928026,222.759491,393.342975
422928026,226.535218,385.235415
422928026,214.818485,380.623674
422928026,215.035707,380.017917
424840589,172.207285,267.585259
424840589,174.041109,267.33278
424840589,175.801239,267.42691
424840589,177.657284,267.863852
424840589,178.000236,268.02309
424840589,177.871271,268.326425
424840589,180.551892,269.212274
424840589,175.090651,285.714503
424840589,163.084773,281.843777
424840589,164.910048,276.661914
424840589,164.486183,276.526743
424840589,166.403579,271.821309
424840589,167.504193,270.350068
424840589,168.874873,269.11759
424840589,170.462841,268.191824
424840589,172.207285,267.585259
424840596,124.221719,348.367486
424840596,128.589117,324.55653
424840596,134.416746,325.939386
424840596,130.492937,346.524495
424840596,130.034906,346.378965
424840596,129.47073,349.373825
424840596,124.221719,348.367486
454285443,1204.038883,719.021031
454285443,1230.171141,717.896255
454285443,1206.743728,712.451379
454285443,1206.969194,711.600679
454285443,1198.305296,709.600696
454285443,1198.410752,709.153252
454285443,1195.354383,708.44211
454285443,1193.908097,708.106979
454285443,1193.802642,708.554423
454285443,1193.468267,708.472819
454285443,1192.563946,712.37642
454285443,1193.00131,712.511378
51167938,901.200397,498.342468
51167938,904.420395,497.247115
51167938,904.173414,496.518183
51167938,912.344784,493.743726
51167938,912.591516,494.461537
51167938,915.434334,493.496982
51167938,927.831688,529.987065
51167938,924.988889,530.951612
51167938,925.170358,531.481705
51167938,917.073175,534.232237
51167938,916.949439,533.856648
51167938,913.662119,534.975747
51167938,910.837169,526.670575
51167938,911.241486,526.53918
51167938,904.392807,506.383527
51167938,903.981952,506.526195
51167938,901.200397,498.342468
556200837,1252.837193,557.044682
556200837,1248.871302,569.80696
556200837,1247.761209,569.942846
556200837,1243.98481,568.902677
556200837,1245.521106,563.80555
556200837,1245.195125,562.266038
556200837,1243.762367,561.93059
556200837,1242.851345,562.473786
556200837,1241.156854,561.9661
556200837,1240.542735,560.900336
556200837,1238.801495,560.42707
556200837,1238.309371,558.435009
556200837,1237.087281,558.417593
556200837,1235.303787,566.446769
556200837,1229.298814,564.688217
556200837,1223.649312,563.044194
556200837,1226.17682,551.838272
556200837,1252.837193,557.044682
6288427,404.90059,530.848113
6288427,375.639594,528.386167
6288427,377.205201,509.756811
6288427,377.531042,505.810328
6288427,406.799451,508.294379
6288427,406.691849,509.554212
6288427,407.541836,509.624244
6288427,407.277005,512.656891
6288427,406.433802,512.586707
6288427,405.849893,519.565685
6288427,405.254407,526.633942
6288427,406.097607,526.704126
6288427,405.833027,529.747896
6288427,404.996611,529.67756
6288427,404.90059,530.848113
97997059,678.710677,727.373408
98000582,678.710677,727.373408
98000582,687.011697,723.738837
98000582,695.305945,720.104432
98000582,697.073032,724.783187
98000582,698.414847,728.347525
98000588,715.171792,728.029805
98000588,712.909294,727.312403
98000588,706.52569,729.580015
99339896,1140.937868,672.138172
99339896,1134.406567,670.513824
99339896,1133.750551,673.065483
99339896,1134.755908,673.410383
99339896,1132.936119,681.01756
99339896,1125.696226,678.963844
99339896,1127.473456,671.580162
99339896,1128.64039,671.865836
99339896,1129.368557,669.201299
99339896,1122.740793,667.512341
99339896,1117.130262,689.636204
99339896,1126.667122,692.128541
99339896,1135.658065,694.488352
99339896,1139.971293,675.987528
99339896,1140.937868,672.138172
