poi_id,x,y,edge_id
100575042,1117.130262,689.636204,1085398472#2
100575042,1122.740793,667.512341,225400609#5
100575042,1117.000346,666.048504,225400609#5
100575042,1116.385158,668.298814,225400609#5
100575042,1116.829559,668.444736,225400609#5
100575042,1115.452306,673.972358,225400609#5
100575042,1115.879199,674.552647,225400609#5
100575042,1115.17839,675.391647,225400609#5
100575042,1113.879602,674.975371,225400609#5
100575042,1114.017488,674.46044,225400609#5
100575042,1110.228556,673.465164,225400609#5
100575042,1110.089319,674.224934,225400609#5
100575042,1108.355382,673.773809,225400609#5
100575042,1108.162827,672.743213,225400609#5
100575042,1109.057906,672.400642,225400609#5
100575042,1110.328588,666.964406,225400609#5
100575042,1111.045575,667.159915,225400609#5
100575042,1111.676173,664.68671,225400609#5
100575042,1105.751322,663.171342,225400609#4
100575042,1103.630759,671.597525,225400609#4
100575042,1100.214494,685.24908,1085398472#2
100575042,1108.481203,687.39124,1085398472#2
100575042,1117.130262,689.636204,1085398472#2
104786907,856.972308,77.833263,4610479#0
104786907,855.697129,90.691803,4610479#0
104786907,816.007191,83.329311,4610479#0
104786907,819.105836,51.14597,122820534#0
104786907,832.733896,52.267062,122820534#0
104786907,833.929904,38.597959,144014233#6
104786907,847.237631,39.659455,207363168
104786907,846.100341,52.003058,207363168
104786907,838.282541,51.175502,144014233#6
104786907,836.997831,64.824322,122820534#1
104786907,844.893314,65.483232,4610479#0
104786907,844.43218,70.690101,4610479#0
104786907,843.967519,76.653728,4610479#0
104786907,856.972308,77.833263,4610479#0
105347632,291.543246,301.013421,705182548
105347632,291.966745,300.52546,705182548
105347632,287.277663,295.723009,705182548
105347632,285.470888,297.488207,705182548
105347632,285.942916,297.956141,705182548
105347632,283.610948,299.911129,705182548
105347632,285.731463,301.855563,705182548
105347632,282.750912,308.498686,705182548
105347632,281.314026,307.985565,705182548
105347632,280.174605,309.847117,705182548
105347632,275.213446,305.92985,705182548
105347632,278.675561,298.663928,705182548
105347632,281.515247,292.702741,705182548
105347632,284.180221,287.123806,705182548
105347632,288.51092,278.024653,705182548
105347632,314.196409,302.954985,705182548
105347632,303.702418,313.872203,705182548
105347632,302.282915,315.350544,705182548
105347632,295.901698,321.991807,1134722788
105347632,295.742358,322.151157,1134722788
105347632,291.181924,318.547617,705182548
105347632,292.624083,316.868468,705182548
105347632,292.208074,316.477174,705182548
105347632,299.753164,308.763878,705182548
105347632,295.132437,303.982147,705182548
105347632,294.657468,304.293216,705182548
105347632,291.543246,301.013421,705182548
105354131,200.909943,374.825841,-1134722792
105354131,202.607108,375.444391,-1134722792
105354131,204.578648,370.125736,4403559#4
105354131,215.514054,374.398852,-1134722792
105354131,213.57095,379.472056,-1134722792
105354131,210.479692,387.530925,1134722792
105354131,208.363383,393.053117,1158894403
105354131,207.494078,392.727613,1158894403
105354131,197.580996,388.943509,31112516#0
105354131,200.67329,380.62867,-1134722792
105354131,201.172584,379.282171,-1134722792
105354131,199.463595,378.741781,-1134722792
105354131,200.909943,374.825841,-1134722792
105354133,197.580996,388.943509,31112516#0
105354133,207.494078,392.727613,1158894403
105354133,205.418792,397.959568,1158894403
105354133,204.429542,400.463186,1158894403
105354133,202.412582,405.571432,1158894403
105354133,192.753771,401.926307,-1158894401
105354133,194.667965,396.775846,-1158894402
105354133,197.580996,388.943509,31112516#0
105354134,208.363383,393.053117,1158894403
105354134,210.479692,387.530925,1134722792
105354134,220.996741,391.613116,1158894403
105354134,220.682984,392.454715,1158894403
105354134,222.759491,393.342975,1158894403
105354134,220.918776,397.835245,1158894403
105354134,208.363383,393.053117,1158894403
105354135,189.514184,410.633918,31112516#2
105354135,199.685585,415.346951,1158894401
105354135,193.956719,430.197128,1158894400
105354135,183.842043,425.894564,1158894400
105354135,186.1187,419.957045,-1158894400
105354135,189.514184,410.633918,31112516#2
105354430,187.259767,456.074284,31112516#3
105354430,202.557029,462.063543,1296244125
105354430,209.711985,442.696994,1158894400
105354430,194.497762,437.084194,1158894400
105354430,187.259767,456.074284,31112516#3
105733616,410.752976,478.361602,1087301095#3
105733616,410.557871,480.86969,1087301095#3
105733616,410.363014,483.3889,1087301095#3
105733616,408.868043,483.31102,1087301095#3
105733616,388.709727,481.502475,1186964815
105733616,379.637209,480.692579,1186964815
105733616,373.890035,480.164474,1186964815
105733616,372.060406,479.993935,1186964814
105733616,364.911245,479.296873,1186964814
105733616,357.508065,475.434107,1186964814
105733616,360.052495,470.536693,1186964814
105733616,360.52656,470.793163,1186964814
105733616,362.842472,465.388985,1186964814
105733616,369.093016,468.698878,1186964815
105733616,372.989723,469.034649,1186964815
105733616,394.281034,470.817817,1186964815
105733616,394.858973,463.571908,1186964815
105733616,395.458831,456.091828,1186964815
105733616,395.654427,453.605983,1186964815
105733616,396.851157,453.70165,1186964815
105733616,409.293838,454.669971,1186964815
105733616,411.219445,454.882891,1186964815
105733616,412.724439,455.105208,1087301095#4
105733616,412.501946,457.60278,1186964815
105733616,412.279951,460.122596,1087301095#3
105733616,410.790762,460.000076,1186964815
105733616,410.529155,463.17731,1087301095#3
105733616,410.443965,464.225216,1087301095#3
105733616,409.760711,472.530606,1087301095#3
105733616,409.284394,478.249749,1087301095#3
105733616,410.752976,478.361602,1087301095#3
105733627,351.200417,480.805103,1186964814
105733627,351.11439,481.207623,1186964814
105733627,349.882038,481.94734,1186964814
105733627,348.978155,485.539533,1186964814
105733627,347.251354,485.110768,1087301096#1
105733627,334.501212,481.923941,1087301096#1
105733627,334.296448,481.87288,1087301096#1
105733627,337.042703,476.5926,1087301096#1
105733627,337.296945,476.731577,1087301096#1
105733627,339.659357,472.194307,1087301096#1
105733627,344.748937,462.43283,1087301096#1
105733627,360.052495,470.536693,1186964814
105733627,357.508065,475.434107,1186964814
105733627,354.313462,473.71395,1186964814
105733627,352.563283,474.365091,1186964814
105733627,350.016874,479.173531,1186964814
105733627,350.947668,480.732859,1186964814
105733627,351.200417,480.805103,1186964814
105733629,232.191013,483.900581,1296244125
105733629,232.932141,485.475259,1296244125
105733629,254.582464,490.866289,1330093091#1
105733629,258.974846,490.300664,-176043794#0
105733629,260.638972,486.713701,-176043794#0
105733629,260.279252,485.197253,-131505631
105733629,238.574694,473.742814,1296244125
105733629,232.191013,483.900581,1296244125
105733631,338.942548,499.640092,-1134722783#0
105733631,333.665793,496.775831,-1134722783#0
105733631,331.862737,496.882905,-1134722783#0
105733631,331.970394,497.448011,-1134722783#0
105733631,331.179648,497.599221,-1134722783#0
105733631,330.928425,496.380791,-1134722783#0
105733631,330.301913,494.770154,1087301096#1
105733631,329.360033,493.322355,1087301096#1
105733631,328.775506,492.678889,1087301096#1
105733631,334.501212,481.923941,1087301096#1
105733631,347.251354,485.110768,1087301096#1
105733631,346.283614,486.757042,1087301096#1
105733631,343.105317,485.158933,1087301096#1
105733631,340.81661,489.349595,1087301096#1
105733631,343.857485,490.872881,1087301096#1
105733631,340.999526,495.710546,1087301096#1
105733631,338.942548,499.640092,-1134722783#0
105733640,357.936624,461.20334,1186964815
105733640,358.336697,463.008212,1186964814
105733640,362.842472,465.388985,1186964814
105733640,360.52656,470.793163,1186964814
105733640,360.114546,470.579817,1186964814
105733640,344.748937,462.43283,1087301096#1
105733640,344.481126,462.294156,1087301096#1
105733640,348.835699,453.96233,1087301096#1
105733640,353.196823,445.619234,1087301096#1
105733640,353.457849,445.758059,1087301096#1
105733640,364.360156,451.601242,1186964815
105733640,360.20567,459.472346,1186964815
105733640,358.731218,459.705598,1186964815
105733640,357.936624,461.20334,1186964815
105733646,309.466914,518.248058,1087301095#1
105733646,301.789914,516.405612,1087301095#1
105733646,301.660204,516.675577,1087301095#1
105733646,299.080685,516.054472,1087301095#1
105733646,296.41926,515.412944,1087301095#1
105733646,296.475341,515.189136,1087301095#1
105733646,296.76104,514.003211,1087301095#1
105733646,296.966052,514.065392,1087301095#1
105733646,299.704848,502.687279,1134722780#0
105733646,299.957846,502.770643,1134722780#0
105733646,308.248412,504.7329,-1134722780#0
105733646,311.267865,498.923493,-1134722780#0
105733646,311.954722,499.286477,-1134722780#0
105733646,321.914876,504.583117,1134722783#0
105733646,320.173742,507.459607,1134722783#0
105733646,315.745412,520.077275,1087301095#1
105733646,309.378404,518.539357,1087301095#1
105733646,309.466914,518.248058,1087301095#1
105733654,360.619466,431.521469,1087301096#1
105733654,363.418811,426.184382,1087301096#1
105733654,363.625566,426.324421,1087301096#1
105733654,365.306739,427.444129,1087301096#1
105733654,378.611148,436.293775,1134722784#0
105733654,375.756278,441.576456,1087301096#1
105733654,372.129788,439.665639,1087301096#1
105733654,370.33136,440.284469,1087301096#1
105733654,364.360156,451.601242,1186964815
105733654,353.457849,445.758059,1087301096#1
105733654,358.541697,436.041237,1087301096#1
105733654,360.85286,431.638657,1087301096#1
105733654,360.619466,431.521469,1087301096#1
105733909,222.688972,479.973702,1296244125
105733909,212.133514,494.486764,1225644852#5
105733909,198.907169,491.255307,1225644852#5
105733909,185.680806,488.023885,1225644852#5
105733909,196.137061,465.745847,1225644852#5
105733909,201.781145,468.03423,1225644852#5
105733909,197.12796,476.962648,1225644852#5
105733909,197.849681,478.882714,1225644852#5
105733909,203.987367,480.481261,1225644852#5
105733909,204.893006,480.004755,1225644852#5
105733909,205.323139,480.117533,1225644852#5
105733909,205.865308,477.957752,1225644852#5
105733909,207.332838,478.325504,1296244125
105733909,206.797453,480.485133,1225644852#5
105733909,207.268539,480.608122,1225644852#5
105733909,207.795015,481.386406,1225644852#5
105733909,210.253697,482.065808,1296244125
105733909,210.394483,481.684315,1296244125
105733909,210.604105,481.345793,1296244125
105733909,210.868745,481.039422,1296244125
105733909,211.189152,480.798569,1296244125
105733909,211.544723,480.612568,1296244125
105733909,211.928924,480.492693,1296244125
105733909,212.382708,480.449154,1296244125
105733909,212.838732,480.505715,1296244125
105733909,213.276147,480.640586,1296244125
105733909,213.668313,480.876618,1296244125
105733909,214.0077,481.180599,1296244125
105733909,214.273957,481.552982,1296244125
105733909,217.330282,476.788693,1296244125
105733909,222.688972,479.973702,1296244125
105733910,179.84954,469.793711,31112516#5
105733910,178.409401,473.07524,1225644852#5
105733910,177.486085,472.762079,1225644852#5
105733910,177.193191,473.62547,1225644852#5
105733910,177.891576,474.199603,1225644852#5
105733910,178.473323,473.808238,1225644852#5
105733910,180.392837,474.355035,1225644852#5
105733910,180.8834,472.619259,1225644852#5
105733910,182.809698,473.165905,1225644852#5
105733910,182.319134,474.901681,1225644852#5
105733910,181.260386,474.602678,1225644852#5
105733910,181.367314,475.134415,1225644852#5
105733910,184.748572,476.093599,1225644852#5
105733910,186.328008,474.789684,1225644852#5
105733910,188.132125,470.787836,1225644852#5
105733910,187.007837,469.077081,1225644852#5
105733910,181.676311,466.803974,31112516#5
105733910,181.849273,466.343867,31112516#4
105733910,180.235537,465.812479,31112516#4
105733910,179.379319,467.890272,31112516#5
105733910,179.84954,469.793711,31112516#5
109089263,1202.916169,520.896303,1085398475#2
109089263,1204.636789,538.495427,1085398473#5
109089263,1206.377055,538.312173,1085398473#5
109089263,1207.526835,551.595312,1085398473#5
109089263,1206.864231,551.710156,1085398473#5
109089263,1205.543694,558.883377,1085398473#5
109089263,1211.17409,559.971422,1085398473#5
109089263,1219.716333,523.41692,1085398473#5
109089263,1219.112071,522.796045,1085398473#5
109089263,1219.832171,520.37651,1085398476#1
109089263,1217.33382,520.654463,1157347099#2
109089263,1216.865483,520.041702,1085398475#2
109089263,1202.916169,520.896303,1085398475#2
109089264,1185.00952,553.25201,1085398473#5
109089264,1190.647945,553.171453,1085398473#5
109089264,1190.637337,552.6932,1085398473#5
109089264,1196.025497,552.651583,1085398473#5
109089264,1196.035364,553.096469,1085398473#5
109089264,1201.362962,553.078457,1085398473#5
109089264,1199.716833,535.166107,1085398475#2
109089264,1198.469451,534.314691,-1257263911#0
109089264,1185.543567,535.102134,1257263911#0
109089264,1184.185547,536.300658,1257263911#0
109089264,1185.00952,553.25201,1085398473#5
12688199,383.192472,649.208768,1232425166#1
12688199,383.085378,650.490846,1232425166#1
12688199,386.977816,651.249571,1232425166#1
12688199,389.288109,651.064414,1232425166#0
12688199,391.454847,650.225933,374734394#4
12688199,393.428557,648.64621,374734394#5
12688199,394.806684,646.534539,374734394#5
12688199,395.465057,644.105119,374734394#5
12688199,395.744505,640.816207,374734394#5
12688199,394.645352,640.529191,374734394#5
12688199,396.226378,622.589411,374734394#5
12688199,394.766436,622.254817,374734394#5
12688199,395.290448,616.545732,374734394#5
12688199,393.262649,616.312848,374734394#5
12688199,393.840011,610.257612,374734394#5
12688199,395.893457,610.423156,374734394#5
12688199,396.184166,607.334291,374734394#5
12688199,394.203353,607.078102,374734394#5
12688199,394.755174,601.702225,374734394#5
12688199,396.71191,601.792038,374734394#5
12688199,397.058207,598.457121,374734394#5
12688199,395.119336,598.255633,374734394#5
12688199,396.692759,582.708478,374734394#5
12688199,398.636432,582.820838,374734394#5
12688199,400.587339,562.903198,374734394#6
12688199,398.36835,560.493556,465376251#0
12688199,387.847646,558.046854,27628628#1
12688199,384.273979,557.281003,-27628628#1
12688199,384.059277,556.785054,1232425168#3
12688199,383.66603,555.892499,-27628628#1
12688199,375.074357,553.814443,465376251#2
12688199,373.573399,559.845811,-131420077#0
12688199,371.225548,561.389391,-131420077#0
12688199,372.586545,563.673535,1232425168#3
12688199,372.974325,564.321403,1232425168#3
12688199,375.444783,567.960587,131420076
12688199,352.878575,583.821149,1249563427
12688199,344.798246,589.131634,1249563428
12688199,323.480386,603.139491,131420077#3
12688199,330.21065,613.037328,131420077#3
12688199,328.664552,617.956952,131420077#3
12688199,327.396788,617.718232,131420077#3
12688199,326.910418,619.643069,1232425166#4
12688199,318.87947,617.140853,131420077#4
12688199,316.401417,618.019711,131420077#4
12688199,313.899047,626.310159,1232425166#4
12688199,314.801269,627.502904,1232425166#4
12688199,315.434307,629.102266,1232425166#4
12688199,336.662347,635.371037,1232425166#3
12688199,337.212687,633.87875,1232425166#3
12688199,365.639538,642.167744,1232425166#2
12688199,365.238611,643.968263,1232425166#2
12688199,370.732741,645.937479,1232425166#1
12688199,383.192472,649.208768,1232425166#1
130777430,857.973462,71.879958,4610479#0
130777430,857.524442,71.834309,4610479#0
130777430,856.972308,77.833263,4610479#0
130777430,878.799204,79.829227,625955293#0
130777430,882.199225,42.86548,625955293#0
130777430,868.146549,41.575651,207363168
130777430,867.643089,47.017139,207363168
130777430,862.820666,46.579152,207363168
130777430,862.186791,53.481262,207363168
130777430,866.920761,53.910088,625955293#0
130777430,865.571028,68.606343,625955293#0
130777430,858.333908,67.943882,625955293#0
130777430,857.973462,71.879958,4610479#0
131506530,328.519445,506.727763,-1134722783#0
131506530,333.665793,496.775831,-1134722783#0
131506530,338.942548,499.640092,-1134722783#0
131506530,333.526006,509.954145,1087301095#1
131506530,329.517046,523.419256,1087301095#1
131506530,322.631232,521.74826,1087301095#1
131506530,315.745412,520.077275,1087301095#1
131506530,320.173742,507.459607,1134722783#0
131506530,324.412218,508.510997,1134722783#0
131506530,324.275365,508.15797,1134722783#0
131506530,324.239774,507.780424,1134722783#0
131506530,324.306192,507.411726,1134722783#0
131506530,324.4613,507.063299,1134722783#0
131506530,324.705843,506.768512,1134722783#0
131506530,325.013182,506.550215,1134722783#0
131506530,325.363215,506.419984,1134722783#0
131506530,325.742622,506.389246,1134722783#0
131506530,326.117482,506.45876,1134722783#0
131506530,326.481013,506.628675,1134722783#0
131506530,326.785476,506.888933,1134722783#0
131506530,327.003489,507.229018,-1134722783#0
131506530,327.12752,507.615714,-1134722783#0
131506530,327.136471,508.016111,-1134722783#0
131506530,327.029846,508.407964,1134722783#0
131506530,326.827251,508.757452,1134722783#0
131506530,326.534722,509.031056,1134722783#0
131506530,328.241165,509.460269,-1134722783#0
131506530,329.566742,508.640568,-1134722783#0
131506530,328.519445,506.727763,-1134722783#0
131506531,368.335327,503.434203,1186964814
131506531,370.06529,497.019376,1186964814
131506531,368.99093,496.932108,1186964814
131506531,373.890035,480.164474,1186964815
131506531,379.637209,480.692579,1186964815
131506531,377.531042,505.810328,1087301095#1
131506531,377.205201,509.756811,1087301095#1
131506531,371.163366,509.101763,1087301095#1
131506531,372.429839,504.422086,1087301095#1
131506531,368.335327,503.434203,1186964814
131515670,205.418792,397.959568,1158894403
131515670,207.494078,392.727613,1158894403
131515670,208.363383,393.053117,1158894403
131515670,220.918776,397.835245,1158894403
131515670,226.641845,400.010614,1158894403
131515670,226.291926,400.752872,1158894403
131515670,221.100047,412.608775,1158894403
131515670,214.843595,410.256178,1158894403
131515670,216.28683,406.807677,1158894403
131515670,214.64434,403.172292,1158894403
131515670,216.178886,399.254384,1158894403
131515670,214.487769,398.602311,1158894403
131515670,213.5259,401.116442,1158894403
131515670,205.418792,397.959568,1158894403
137000584,1095.422288,716.713147,-1121008013#2
137000584,1098.504279,703.903581,-1121008013#2
137000584,1106.948568,706.097433,-1121008013#2
137000584,1115.208209,708.228633,-1121008013#2
137000584,1106.171791,719.412201,-1121008013#2
137000584,1105.436658,718.093204,-1121008013#2
137000584,1104.936029,718.47153,-1121008013#2
137000584,1102.792863,717.929343,-1121008013#2
137000584,1102.906939,717.259152,-1121008013#2
137000584,1101.235824,718.108568,-1121008013#2
137000584,1095.422288,716.713147,-1121008013#2
137000585,1151.06687,717.525563,-1121008013#2
137000585,1160.944322,720.077172,-1121008013#2
137000586,1132.745149,712.780062,-1121008013#2
137000586,1142.028738,715.177899,-1121008013#2
137000586,1151.06687,717.525563,-1121008013#2
137000589,1082.266819,720.588333,-1121008013#2
137000589,1083.139354,716.785563,-1121008013#2
137000589,1082.737388,716.716594,-1121008013#2
137000589,1083.449847,713.651803,-1121008013#2
137000589,1083.115339,713.258635,-1121008013#2
137000589,1083.428841,712.0944,-1121008013#2
137000589,1090.471354,713.818605,-1121008013#2
137000589,1090.234447,715.07016,-1121008013#2
137000589,1089.480599,715.353961,-1121008013#2
137000589,1089.140368,718.06553,-1121008013#2
137000589,1088.447197,718.025283,-1121008013#2
137004052,1071.19022,713.857262,-1121008013#1
137004052,1073.230401,714.346084,-1121008013#1
137004052,1072.932445,715.598996,-1121008013#1
137004052,1075.136422,716.128692,-1121008013#1
1405662,698.414847,728.347525,465398529#1
1405662,702.09182,726.752231,465398529#1
1405662,701.313087,724.699837,465398529#1
1405662,699.271225,723.832865,465398529#1
1405662,697.073032,724.783187,465398529#1
1405662,695.305945,720.104432,465398529#1
1405662,704.999568,715.91586,465398529#1
1405662,714.693207,711.727309,465398529#1
1405662,714.89455,712.234695,465398529#1
1405662,716.480381,716.394495,465398529#1
1405662,714.28243,717.355932,465398529#1
1405662,713.379544,719.479176,465398529#1
1405662,714.165305,721.542544,465398529#1
1405662,717.835504,719.947413,465398529#1
1405662,720.497173,727.310269,465398529#1
1405662,698.414847,728.347525,465398529#1
147686966,1320.20623,514.10134,1212138779#2
147686966,1321.840428,514.031753,1212138779#2
147686966,1321.421465,555.168698,31959081#1
147686966,1321.439733,540.368566,1212138779#2
147686966,1322.775981,528.688351,1212138779#2
147686966,1320.948881,528.628679,1212138779#2
147686966,1320.20623,514.10134,1212138779#2
1494044,220.013288,463.531198,1296244125
1494044,217.885027,462.755375,1296244125
1494044,213.718877,474.643974,1296244125
1494044,204.411614,469.110381,1296244125
1494044,201.781145,468.03423,1225644852#5
1494044,196.137061,465.745847,1225644852#5
1494044,172.580588,456.169216,31112516#3
1494044,176.818919,444.77971,31112516#3
1494044,177.938349,442.028362,31112516#3
1494044,183.842043,425.894564,1158894400
1494044,193.956719,430.197128,1158894400
1494044,198.274023,432.036715,1158894400
1494044,199.031419,430.395118,1158894400
1494044,211.534261,434.955842,1158894400
1494044,213.177715,430.445726,-1158894400
1494044,227.188208,438.077377,-1143810926#1
1494044,221.943641,452.126617,1296244125
1494044,223.791519,452.808567,1296244125
1494044,220.013288,463.531198,1296244125
1505129,276.721634,480.790107,-131505631
1505129,264.597367,503.46136,-176043794#0
1505129,263.138922,504.106008,1330093091#1
1505129,263.217775,504.293415,1330093091#1
1505129,262.762235,505.472014,1330093091#1
1505129,262.238059,505.706294,1330093091#1
1505129,261.754338,505.928541,1330093091#1
1505129,260.657204,505.430082,1330093091#1
1505129,260.57835,505.242675,1330093091#1
1505129,259.019141,505.93409,1330093091#1
1505129,255.067814,504.976481,1330093091#1
1505129,253.081726,504.486784,1330093091#1
1505129,253.218284,503.916216,1330093091#1
1505129,249.110922,502.962103,1330093091#1
1505129,247.896402,502.677699,1330093091#1
1505129,245.010094,501.996719,1330093091#1
1505129,244.891898,502.477855,1330093091#1
1505129,238.592682,500.938511,1154718661#0
1505129,231.645248,499.246765,1330093091#0
1505129,231.763443,498.765629,1330093091#0
1505129,227.736734,497.776346,1330093091#0
1505129,223.710272,496.798188,1330093091#0
1505129,223.592078,497.279324,1330093091#0
1505129,217.682025,495.842575,1296244125
1505129,238.798131,460.673895,1296244125
1505129,243.677774,463.380027,-131505631
1505129,243.950695,463.140239,-131505631
1505129,246.532855,464.484558,-131505631
1505129,251.422575,467.034683,-131505631
1505129,251.109879,467.620319,-131505631
1505129,263.261147,474.069617,-131505631
1505129,263.646727,473.404457,-131505631
1505129,268.975832,476.178452,-131505631
1505129,271.310767,477.394782,-131505631
1505129,271.115704,477.777487,-131505631
1505129,276.721634,480.790107,-131505631
1505141,162.81106,482.437905,1225644852#5
1505141,168.44659,467.367219,31112516#5
1505141,172.580588,456.169216,31112516#3
1505141,196.137061,465.745847,1225644852#5
1505141,185.680806,488.023885,1225644852#5
1505141,174.249332,485.230805,1225644852#5
1505141,162.81106,482.437905,1225644852#5
1547630,1202.916169,520.896303,1085398475#2
1547630,1188.998064,522.239868,1257263911#0
1547630,1177.314973,523.366977,1085398475#3
1547630,1179.216538,550.95469,1085398475#3
1547630,1179.093962,559.503426,-558292461
1547630,1198.807516,559.043902,1085398473#5
1547630,1205.543694,558.883377,1085398473#5
1547630,1206.864231,551.710156,1085398473#5
1547630,1207.526835,551.595312,1085398473#5
1547630,1206.377055,538.312173,1085398473#5
1547630,1204.636789,538.495427,1085398473#5
1547630,1202.916169,520.896303,1085398475#2
162018681,1261.659675,481.982491,574144564
162018681,1262.919978,484.947885,574144564
162018681,1262.399207,485.337768,574144564
162018681,1263.052902,487.88263,574144564
162018681,1271.116624,487.592625,574144564
162018681,1289.723191,487.091246,574144564
162018681,1289.521574,484.425086,574144564
162018681,1289.053231,484.424337,574144564
162018681,1287.90927,480.88885,574144564
162018681,1284.731392,480.825743,574144564
162018681,1282.074226,477.001091,574144564
162018681,1277.801386,471.020107,574144564
162018681,1265.570877,479.915082,574144564
162018681,1264.728909,480.512381,574144564
162018681,1264.540317,480.271753,574144564
162018681,1261.659675,481.982491,574144564
172283309,943.126014,690.074306,-1220548060#1
172283309,938.36848,684.894446,-1220548060#1
172283309,953.502327,671.093543,172283311#2
172283309,954.255247,671.989273,172283311#2
172283309,956.802249,669.629231,172283311#2
172283309,956.671922,668.040875,172283311#2
172283309,954.218548,665.758607,172283311#2
172283309,957.68232,662.810676,172283311#2
172283309,961.109954,659.763403,172283311#2
172283309,967.945907,667.456445,1157382624
172283309,943.126014,690.074306,-1220548060#1
1846133,1081.138592,699.426363,-1121008013#2
1846133,1089.957978,701.70088,-1121008013#2
1846133,1098.504279,703.903581,-1121008013#2
1846133,1095.422288,716.713147,-1121008013#2
1846160,1115.208209,708.228633,-1121008013#2
1846160,1124.007457,710.514784,-1121008013#2
1846160,1132.745149,712.780062,-1121008013#2
194728663,863.323873,41.126542,207363168
194728663,847.237631,39.659455,207363168
194728663,846.100341,52.003058,207363168
194728663,859.663265,53.248078,207363168
194728663,862.186791,53.481262,207363168
194728663,862.820666,46.579152,207363168
194728663,863.323873,41.126542,207363168
194728665,844.893314,65.483232,4610479#0
194728665,844.43218,70.690101,4610479#0
194728665,857.524442,71.834309,4610479#0
194728665,857.973462,71.879958,4610479#0
194728665,858.333908,67.943882,625955293#0
194728665,859.663265,53.248078,207363168
194728665,846.100341,52.003058,207363168
194728665,844.893314,65.483232,4610479#0
194728666,855.697129,90.691803,4610479#0
194728666,877.46019,94.703282,625955293#0
194728666,878.799204,79.829227,625955293#0
194728666,856.972308,77.833263,4610479#0
194728666,855.697129,90.691803,4610479#0
2169369,1300.865945,499.863645,101699679#0
2169369,1299.173688,492.412257,101699679#0
2169369,1295.959421,487.030949,101699679#0
2169369,1292.432226,481.31162,236523982#0
2169369,1292.936345,481.089024,236523982#0
2169369,1289.513355,476.090684,236523982#0
2169369,1284.094797,468.33241,236523982#0
2169369,1282.981874,466.810335,236523982#0
2169369,1279.058924,462.835694,1158979784
2169369,1264.725569,473.01244,574144564
2169369,1254.450754,480.417507,574144564
2169369,1257.078408,488.11521,574144564
2169369,1259.232425,494.655013,1158979785#0
2169369,1261.088196,500.600537,1158979785#0
2169369,1271.705883,500.39858,574144564
2169369,1282.988647,500.193035,101699679#0
2169369,1300.865945,499.863645,101699679#0
23787848,1309.684047,561.192849,31959081#1
23787848,1321.500135,560.864294,31959081#1
23787848,1321.421465,555.168698,31959081#1
23787848,1321.439733,540.368566,1212138779#2
23787848,1320.948881,528.628679,1212138779#2
23787848,1320.20623,514.10134,1212138779#2
23787848,1310.445327,514.373231,1212138779#2
23787848,1306.565388,514.481451,1212138779#2
23787848,1306.519817,522.227281,1212138779#2
23787848,1306.477304,525.822443,31959081#1
23787848,1315.331483,525.370335,1212138779#2
23787848,1315.610181,532.741769,1212138779#2
23787848,1307.911388,532.956853,31959081#1
23787848,1308.117083,540.096225,31959081#1
23787848,1314.897816,539.801332,31959081#1
23787848,1315.80827,552.71145,31959081#1
23787848,1309.452478,552.88565,31959081#1
23787848,1309.684047,561.192849,31959081#1
23816399,1258.400529,535.511816,31959081#1
23816399,1264.69937,534.604389,31959081#1
23816399,1265.01414,526.451995,1212138779#2
23816399,1275.581443,526.429203,31959081#1
23816399,1275.28224,524.566395,1212138779#2
23816399,1274.987479,515.247984,1212138779#2
23816399,1266.824883,515.362135,1212138779#2
23816399,1258.033842,515.601506,1212138779#2
23816399,1258.400529,535.511816,31959081#1
23816400,1293.834875,524.700497,31959081#1
23816400,1294.148618,514.968008,1212138779#2
23816400,1282.042316,515.069376,1212138779#2
23816400,1274.987479,515.247984,1212138779#2
23816400,1275.28224,524.566395,1212138779#2
23816400,1287.58624,524.505139,31959081#1
23816400,1287.215657,527.384276,31959081#1
23816400,1293.834875,524.700497,31959081#1
23816402,1294.148618,514.968008,1212138779#2
23816402,1293.834875,524.700497,31959081#1
23816402,1299.835151,522.264121,31959081#1
23816402,1306.519817,522.227281,1212138779#2
23816402,1306.565388,514.481451,1212138779#2
23816402,1294.148618,514.968008,1212138779#2
23816404,1226.17682,551.838272,1216417114#2
23816404,1229.034659,540.224433,1216417114#2
23816404,1241.167034,541.9139,1157347100#1
23816404,1239.689674,549.057204,1216417114#2
23816404,1238.989692,549.629104,1216417114#2
23816404,1239.763667,550.557792,1216417114#2
23816404,1242.504883,548.683216,1157347100#1
23816404,1249.295572,550.368728,31959081#1
23816404,1249.669075,548.847092,31959081#1
23816404,1249.313598,548.732568,31959081#1
23816404,1248.200308,547.499827,31959081#1
23816404,1248.886399,542.933421,31959081#1
23816404,1253.858641,543.724532,31959081#1
23816404,1252.837193,557.044682,31959081#1
23816404,1226.17682,551.838272,1216417114#2
23816413,1210.116532,665.306717,1157347103#0
23816413,1203.433415,663.262794,1157347103#0
23816413,1199.627474,662.112041,1157347103#0
23816413,1195.818468,677.652799,1216417108#1
23816413,1195.146264,680.393977,1216417108#1
23816413,1206.281468,683.652205,1216417108#1
23816413,1207.531408,678.806222,1216417108#1
23816413,1208.548353,679.061858,1216417108#1
23816413,1209.384362,675.74954,1216417108#1
23816413,1208.380984,675.493602,1216417108#1
23816413,1209.229575,672.136494,1157347103#0
23816413,1217.31087,674.182801,1157347103#0
23816413,1216.736588,676.443317,1157347103#0
23816413,1225.425326,678.64308,1157347103#0
23816413,1225.787461,677.221841,1157347103#0
23816413,1232.353378,678.878925,310548395
23816413,1229.41953,690.427687,310548395
23816413,1243.970221,694.678518,310548395
23816413,1248.246352,676.935304,310548395
23816413,1247.583643,676.738571,310548395
23816413,1228.990164,671.064013,1157347103#0
23816413,1210.116532,665.306717,1157347103#0
23838768,1316.52634,500.26222,101699679#0
23838768,1324.862622,486.846807,46140381
23838768,1317.745656,488.818274,101699679#0
23838768,1313.282455,481.595185,153522302#0
23838768,1308.886107,484.129537,153522302#0
23838768,1314.658448,493.46012,101699679#0
23838768,1316.52634,500.26222,101699679#0
23838772,1247.36154,505.378124,1158979785#0
23838772,1261.8741,504.21072,1158979785#0
23838772,1261.088196,500.600537,1158979785#0
23838772,1259.232425,494.655013,1158979785#0
23838772,1246.430517,495.528565,1158979785#0
23838772,1247.36154,505.378124,1158979785#0
23838777,1295.959421,487.030949,101699679#0
23838777,1299.173688,492.412257,101699679#0
23838777,1300.865945,499.863645,101699679#0
23838777,1304.572469,499.892794,101699679#0
23838777,1304.827536,500.376758,101699679#0
23838777,1305.346439,500.821493,101699679#0
23838777,1305.907655,501.03161,101699679#0
23838777,1306.329987,501.100146,101699679#0
23838777,1316.52634,500.26222,101699679#0
23838777,1314.658448,493.46012,101699679#0
23838777,1308.886107,484.129537,153522302#0
23838777,1304.770865,486.791195,236523982#0
23838777,1295.959421,487.030949,101699679#0
23838780,1279.058924,462.835694,1158979784
23838780,1273.270385,457.066346,1158979784
23838780,1263.364454,464.274047,574144564
23838780,1261.789853,461.82749,1158979784
23838780,1263.748735,460.482139,1158979784
23838780,1252.509389,443.97308,1158979785#3
23838780,1247.388732,447.513901,1158979785#3
23838780,1249.747075,451.022458,1158979785#3
23838780,1245.198021,454.016485,1158979785#3
23838780,1251.22882,462.139485,1158979784
23838780,1255.551403,459.339654,1158979784
23838780,1257.662798,462.731286,1158979784
23838780,1264.725569,473.01244,574144564
23838780,1279.058924,462.835694,1158979784
23838782,1249.271835,480.409908,574144564
23838782,1253.199201,477.540942,574144564
23838782,1254.450754,480.417507,574144564
23838782,1264.725569,473.01244,574144564
23838782,1257.662798,462.731286,1158979784
23838782,1253.326521,465.831864,574144564
23838782,1257.316941,471.318346,574144564
23838782,1252.004504,475.085966,574144564
23838782,1248.280385,469.671479,574144564
23838782,1243.985317,472.793408,574144564
23838782,1249.271835,480.409908,574144564
23838784,1233.321335,456.828017,1158979785#3
23838784,1247.388732,447.513901,1158979785#3
23838784,1241.009716,438.074437,1158979785#3
23838784,1227.024205,447.409011,1158979785#3
23838784,1233.321335,456.828017,1158979785#3
23838786,1205.470639,477.241623,1158979785#3
23838786,1226.880263,462.957488,1158979785#3
23838786,1231.167433,460.091654,1158979785#3
23838786,1230.284777,458.853803,1158979785#3
23838786,1233.321335,456.828017,1158979785#3
23838786,1227.024205,447.409011,1158979785#3
23838786,1212.746786,456.738972,1158979785#3
23838786,1198.397756,466.204096,1158979785#3
23838786,1205.470639,477.241623,1158979785#3
23838791,1193.554424,506.727046,1157384569#0
23838791,1191.999904,499.984802,1157384569#0
23838791,1191.093439,496.143622,1157384569#0
23838791,1179.462786,478.831087,1158979785#3
23838791,1178.727154,479.937912,1158979785#3
23838791,1177.987945,481.189476,1158979785#3
23838791,1176.788535,482.807333,1158979785#3
23838791,1173.224965,486.46948,1158979785#3
23838791,1172.226611,487.971602,1158979785#3
23838791,1171.693268,489.018303,1158979785#3
23838791,1171.206552,490.331033,1158979785#3
23838791,1170.939884,491.772412,1158979785#3
23838791,1170.757586,493.345451,1158979785#3
23838791,1170.785714,494.613377,1158979785#3
23838791,1171.025258,496.232696,1158979785#3
23838791,1171.498047,497.657671,1158979785#3
23838791,1172.147466,499.089856,1158979785#3
23838791,1173.097355,500.604396,1158979785#3
23838791,1174.183045,501.815477,1158979785#3
23838791,1175.159079,502.672908,1158979785#3
23838791,1176.378844,503.502677,1158979785#3
23838791,1177.882055,504.259392,1158979785#3
23838791,1180.000634,504.913436,1158979785#3
23838791,1181.477447,505.092102,1158979785#3
23838791,1183.170854,505.243708,1158979785#3
23838791,1185.50985,505.737079,-1157384569#0
23838791,1186.843089,506.174866,-1157384569#0
23838791,1188.453484,506.561996,-1157384569#0
23838791,1190.964175,506.840136,-1157384569#0
23838791,1192.021983,506.794418,1157384569#0
23838791,1193.554424,506.727046,1157384569#0
23838793,1233.034372,506.641609,1158979785#1
23838793,1232.083844,495.301383,1158979785#1
23838793,1222.907926,495.938816,1158979785#1
23838793,1224.711739,494.641398,1158979785#1
23838793,1223.263253,481.965772,1158979785#1
23838793,1222.89225,478.702478,1158979785#3
23838793,1217.958026,482.383856,1158979785#1
23838793,1220.486854,504.293707,1158979785#1
23838793,1221.074573,507.841513,1158979785#1
23838793,1231.18555,506.82726,1158979785#1
23838793,1233.034372,506.641609,1158979785#1
23838796,1209.960076,505.228182,1158979785#2
23838796,1215.216804,504.766653,1158979785#2
23838796,1220.486854,504.293707,1158979785#1
23838796,1217.958026,482.383856,1158979785#1
23838796,1211.733979,486.972925,1158979785#2
23838796,1205.44309,491.607995,1158979785#2
23838796,1209.960076,505.228182,1158979785#2
23874948,990.363168,643.912879,1085398472#0
23874948,996.184674,638.33097,1085398472#0
23874948,1000.017313,636.098172,225400609#2
23874948,995.010446,629.16563,1085398472#0
23874948,995.642798,628.606324,1085398472#0
23874948,996.011656,627.184917,225400609#2
23874948,995.255772,626.155715,1085398472#0
23874948,993.640591,625.857778,1085398472#0
23874948,992.847267,626.198108,1085398472#0
23874948,990.724295,623.207438,1085398472#0
23874948,991.909462,622.48006,1085398472#0
23874948,992.505612,623.345896,1085398472#0
23874948,997.053888,620.941406,225400609#2
23874948,996.988113,620.119422,225400609#2
23874948,998.735153,620.547963,225400609#2
23874948,1001.018734,624.046939,225400609#2
23874948,1005.441062,621.166767,225400609#2
23874948,1003.680813,620.449198,225400609#2
23874948,999.345042,613.479486,225400609#2
23874948,994.84254,616.417083,225400609#2
23874948,986.064247,622.109211,1085398472#0
23874948,978.242357,627.468525,1085398472#0
23874948,985.597324,637.442352,1085398472#0
23874948,990.363168,643.912879,1085398472#0
23874950,1033.439168,667.959628,1085398472#0
23874950,1041.957926,670.14059,1085398472#0
23874950,1050.148832,672.228699,1085398472#0
23874950,1053.514177,659.346043,1085398472#0
23874950,1055.851362,650.592323,225400609#3
23874950,1050.069428,649.096102,225400609#3
23874950,1049.44169,651.39121,225400609#3
23874950,1049.790133,651.494748,225400609#3
23874950,1048.065266,657.564238,225400609#3
23874950,1049.360017,658.71501,1085398472#0
23874950,1048.353453,659.538557,1085398472#0
23874950,1040.914669,657.700807,1085398472#0
23874950,1040.525617,656.685706,225400609#2
23874950,1042.498081,656.263554,225400609#2
23874950,1044.314077,649.713549,225400609#2
23874950,1044.546455,649.786281,225400609#2
23874950,1045.072074,647.782759,225400609#3
23874950,1039.303948,646.297371,225400609#2
23874950,1036.949402,655.185017,225400609#2
23874950,1033.439168,667.959628,1085398472#0
23874952,1066.812462,676.565614,1157382619#0
23874952,1070.080156,663.562736,1157382619#0
23874952,1053.514177,659.346043,1085398472#0
23874952,1050.148832,672.228699,1085398472#0
23874952,1064.655211,676.001501,-1157382619#0
23874952,1066.812462,676.565614,1157382619#0
23874955,1083.503195,680.901984,-1157382618#0
23874955,1086.892529,667.262141,-1157382618#0
23874955,1088.948685,658.993167,225400609#4
23874955,1083.20242,657.574009,225400609#4
23874955,1082.644844,659.667257,225400609#4
23874955,1083.062358,659.824901,225400609#4
23874955,1081.711286,665.307442,225400609#4
23874955,1082.695209,666.520763,-1157382618#0
23874955,1081.395095,667.573372,-1157382618#0
23874955,1074.909275,665.859072,1157382619#0
23874955,1074.53095,664.409752,1157382619#0
23874955,1076.040504,663.619553,225400609#4
23874955,1077.278222,658.228549,225400609#4
23874955,1077.74976,658.373866,225400609#4
23874955,1078.254052,656.326311,225400609#4
23874955,1072.296248,654.856224,225400609#4
23874955,1070.080156,663.562736,1157382619#0
23874955,1066.812462,676.565614,1157382619#0
23874955,1083.503195,680.901984,-1157382618#0
23874957,1100.214494,685.24908,1085398472#2
23874957,1103.630759,671.597525,225400609#4
23874957,1086.892529,667.262141,-1157382618#0
23874957,1083.503195,680.901984,-1157382618#0
23874957,1085.148449,681.332814,-1157382618#0
23874957,1100.214494,685.24908,1085398472#2
23874970,1146.413656,677.580474,225400609#5
23874970,1139.971293,675.987528,225400609#5
23874970,1135.658065,694.488352,1085398472#2
23874970,1138.708408,695.232974,1085398472#2
23874970,1155.097808,699.453866,1085398472#2
23874970,1158.09622,686.846495,1085398472#2
23874970,1150.164653,684.819219,1085398472#2
23874970,1149.959287,684.434309,1085398472#2
23874970,1149.645381,684.051808,1085398472#2
23874970,1149.210601,683.727627,1085398472#2
23874970,1148.799628,683.558704,1085398472#2
23874970,1148.377061,683.47906,1085398472#2
23874970,1147.916261,683.51154,1085398472#2
23874970,1147.491353,683.632246,1085398472#2
23874970,1147.208904,683.74979,1085398472#2
23874970,1146.86861,684.013276,1085398472#2
23874970,1145.34621,683.613082,1085398472#2
23874970,1144.593814,682.127548,1085398472#2
23874970,1145.470884,681.585086,1085398472#2
23874970,1146.413656,677.580474,225400609#5
23874975,1176.460511,705.133474,1085398472#2
23874975,1179.759478,702.400785,1085398473#1
23874975,1181.735725,694.500838,1085398473#1
23874975,1171.466133,691.713078,1085398473#1
23874975,1171.321951,692.250403,1085398473#1
23874975,1170.112842,691.898888,1085398472#2
23874975,1170.257764,691.39493,1085398473#1
23874975,1169.511052,690.165202,1085398473#1
23874975,1162.612476,688.504455,1085398472#2
23874975,1162.065945,687.426073,1085398472#2
23874975,1161.434937,687.74052,1085398472#2
23874975,1158.09622,686.846495,1085398472#2
23874975,1155.097808,699.453866,1085398472#2
23874975,1176.460511,705.133474,1085398472#2
23874978,1150.134369,666.937788,225400609#5
23874978,1143.860848,665.307707,225400609#5
23874978,1142.002798,672.414986,225400609#5
23874978,1152.631741,675.183585,225400609#5
23874978,1152.519258,675.620059,225400609#5
23874978,1161.482588,677.958276,1085398472#2
23874978,1163.202771,671.365935,1085398473#1
23874978,1167.175841,672.401676,1085398473#1
23874978,1167.499972,671.10368,1085398473#1
23874978,1168.996185,665.428777,1085398473#1
23874978,1163.282392,663.94204,225400609#5
23874978,1163.60751,662.688532,225400609#5
23874978,1156.542135,660.853451,225400609#5
23874978,1155.165695,666.113978,225400609#5
23874978,1154.660488,665.980529,225400609#5
23874978,1153.909862,668.856986,225400609#5
23874978,1150.960767,668.087852,225400609#5
23874978,1150.134369,666.937788,225400609#5
23874982,1170.782453,671.909938,1085398473#1
23874982,1167.499972,671.10368,1085398473#1
23874982,1167.175841,672.401676,1085398473#1
23874982,1165.555928,678.925025,1085398473#1
23874982,1182.765572,683.406002,1085398473#1
23874982,1186.39125,668.781764,1085398473#1
23874982,1179.034439,666.964244,1085398473#1
23874982,1178.008738,667.843826,1085398473#1
23874982,1176.039851,669.345223,1085398473#1
23874982,1174.900574,673.977336,1085398473#1
23874982,1171.966288,673.2635,1085398473#1
23874982,1170.782453,671.909938,1085398473#1
23874991,1193.345123,584.502659,-558292461
23874991,1196.709556,585.329374,-558292461
23874991,1196.159816,587.778517,558292463#1
23874991,1195.585901,590.361728,558292463#1
23874991,1204.081522,592.109509,558292463#1
23874991,1204.650384,589.604305,-558292461
23874991,1204.965528,588.206362,-558292461
23874991,1205.268584,586.875454,-558292461
23874991,1207.985493,574.419025,1085398473#5
23874991,1211.17409,559.971422,1085398473#5
23874991,1205.543694,558.883377,1085398473#5
23874991,1198.807516,559.043902,1085398473#5
23874991,1193.345123,584.502659,-558292461
23875007,1115.302739,545.228971,-1157384567#0
23875007,1121.446989,543.779536,-1157384567#0
23875007,1121.579715,544.255079,-1157384567#0
23875007,1121.749441,544.562885,-1157384567#0
23875007,1121.972698,544.836121,-1157384567#0
23875007,1122.200518,545.009106,-1157384567#0
23875007,1122.461763,545.159095,-1157384567#0
23875007,1122.769509,545.263541,-1157384567#0
23875007,1123.048884,545.312979,-1157384567#0
23875007,1123.394865,545.3053,-1157384567#0
23875007,1123.725796,545.231189,-1157384567#0
23875007,1124.075105,545.06765,-1157384567#0
23875007,1124.328945,544.883974,-1157384567#0
23875007,1124.534803,544.679108,-1157384567#0
23875007,1124.67307,544.486869,-1157384567#0
23875007,1124.770632,544.295534,-1157384567#0
23875007,1124.847843,544.104651,-1157384567#0
23875007,1124.904208,543.891975,-1157384567#0
23875007,1124.926407,543.66893,-1157384567#0
23875007,1124.919989,543.379754,-1157384567#0
23875007,1126.993524,542.922012,-1157384567#0
23875007,1126.908287,542.445415,-1157384567#0
23875007,1130.048007,541.708077,1157384568#0
23875007,1130.182213,542.250352,1157384568#0
23875007,1131.991669,541.820728,1157384568#0
23875007,1131.864247,541.278302,1157384568#0
23875007,1135.206747,540.503084,1157384568#0
23875007,1132.766733,529.340582,1157384568#0
23875007,1117.087709,532.993468,-1157384567#0
23875007,1115.06943,533.494499,-1157384567#0
23875007,1113.225312,533.891515,1157384567#0
23875007,1111.071354,534.395559,1157384567#0
23875007,1115.302739,545.228971,-1157384567#0
23875011,1116.35083,570.432048,-1157384567#0
23875011,1121.576132,568.557904,-1157384567#0
23875011,1130.226242,569.923791,-1157384567#0
23875011,1132.211583,570.080028,-1157384567#0
23875011,1133.241671,563.89246,1157384568#0
23875011,1123.343678,562.264945,-1157384567#0
23875011,1121.496214,560.981761,-1157384567#0
23875011,1115.302739,545.228971,-1157384567#0
23875011,1111.071354,534.395559,1157384567#0
23875011,1105.428366,535.800496,533594855#1
23875011,1100.415065,537.747843,533594855#1
23875011,1088.881219,542.232398,533594855#1
23875011,1093.652659,553.543419,533594855#1
23875011,1106.302986,582.539392,1089402876#0
23875011,1114.249575,579.425304,1089402876#0
23875011,1111.623612,573.341139,1089402876#0
23875011,1111.057962,573.542864,1089402876#0
23875011,1103.934801,556.575557,533594855#1
23875011,1102.555949,557.140292,533594855#1
23875011,1101.118111,556.270872,533594855#1
23875011,1100.657275,555.079318,533594855#1
23875011,1101.399897,553.371432,533594855#1
23875011,1103.58184,552.5997,533594855#1
23875011,1103.72061,553.041724,533594855#1
23875011,1108.427761,551.368239,533594855#1
23875011,1108.396546,550.879316,533594855#1
23875011,1110.349812,550.201684,533594855#1
23875011,1111.914816,550.99039,-1157384567#0
23875011,1112.487649,552.335246,-1157384567#0
23875011,1111.822233,553.852247,-1157384567#0
23875011,1110.814026,554.297476,-1157384567#0
23875011,1113.113631,560.355502,-1157384567#0
23875011,1111.714921,560.94293,-1157384567#0
23875011,1112.975052,563.897165,-1157384567#0
23875011,1114.272989,563.356484,-1157384567#0
23875011,1114.660551,564.304858,-1157384567#0
23875011,1114.334322,565.202309,-1157384567#0
23875011,1116.35083,570.432048,-1157384567#0
23875026,1072.389308,565.821943,533594855#1
23875026,1066.815518,551.390765,533594855#1
23875026,1065.133861,552.073511,533594855#1
23875026,1047.524232,559.252447,533594855#1
23875026,1052.844971,577.873216,474154189
23875026,1057.537543,576.767514,533594855#1
23875026,1056.742012,573.647188,533594855#1
23875026,1057.092684,573.850825,533594855#1
23875026,1057.543879,573.996592,533594855#1
23875026,1058.06069,574.040753,533594855#1
23875026,1058.581074,573.940175,533594855#1
23875026,1058.964545,573.787,533594855#1
23875026,1059.298799,573.557024,533594855#1
23875026,1059.682879,573.125644,533594855#1
23875026,1059.852839,572.832551,533594855#1
23875026,1059.999482,572.406444,533594855#1
23875026,1060.051399,571.993569,533594855#1
23875026,1060.015371,571.593774,533594855#1
23875026,1059.911752,571.206608,533594855#1
23875026,1059.720189,570.832522,533594855#1
23875026,1064.052465,569.089425,533594855#1
23875026,1072.389308,565.821943,533594855#1
23875030,1023.490851,585.847218,225400609#1
23875030,1034.234262,580.923828,474154189
23875030,1047.448969,574.810555,474154189
23875030,1049.08489,579.403319,474154189
23875030,1052.992999,578.426311,474154189
23875030,1052.844971,577.873216,474154189
23875030,1047.524232,559.252447,533594855#1
23875030,1028.46678,568.166138,-474154190#2
23875030,1017.460638,573.484844,803483082#0
23875030,1023.490851,585.847218,225400609#1
23875032,1015.592801,589.004888,225400609#1
23875032,1016.074411,587.770148,225400609#1
23875032,1016.700257,587.834137,225400609#1
23875032,1019.290912,586.519159,225400609#1
23875032,1019.577586,587.202704,225400609#1
23875032,1020.342569,587.41939,225400609#1
23875032,1023.490851,585.847218,225400609#1
23875032,1017.460638,573.484844,803483082#0
23875032,1004.21649,579.799151,803483082#0
23875032,1012.915825,594.0718,225400609#1
23875032,1017.971536,590.676825,225400609#1
23875032,1017.14213,589.393317,225400609#1
23875032,1015.592801,589.004888,225400609#1
23875037,1003.680813,620.449198,225400609#2
23875037,1005.441062,621.166767,225400609#2
23875037,1009.413491,622.781034,225400609#2
23875037,1011.486997,616.214167,225400609#2
23875037,1007.900277,615.158838,225400609#2
23875037,1006.878811,613.479004,225400609#2
23875037,1007.317289,613.357986,225400609#2
23875037,1007.083044,612.895829,225400609#2
23875037,1007.363764,612.700422,225400609#2
23875037,999.05845,599.665323,803483082#0
23875037,998.560398,599.854432,803483082#0
23875037,998.253864,599.193585,803483082#0
23875037,997.426616,599.534669,803483082#0
23875037,996.384903,597.554841,803483082#0
23875037,998.379692,596.609176,803483082#0
23875037,998.628002,597.093275,803483082#0
23875037,1002.435406,595.250508,803483082#0
23875037,1002.199923,594.732741,803483082#0
23875037,1005.261487,593.22925,803483082#0
23875037,1006.365241,595.252212,225400609#1
23875037,1006.165184,595.412444,225400609#1
23875037,1006.144251,596.30312,225400609#1
23875037,1010.184478,602.800916,225400609#1
23875037,1008.937873,606.567501,225400609#1
23875037,1009.315815,607.082103,225400609#1
23875037,1013.958732,608.325392,225400609#1
23875037,1016.564783,600.066423,225400609#1
23875037,1015.937545,599.023232,225400609#1
23875037,1012.915825,594.0718,225400609#1
23875037,1004.21649,579.799151,803483082#0
23875037,984.711867,589.657676,803483082#0
23875037,999.345042,613.479486,225400609#2
23875037,1003.680813,620.449198,225400609#2
23875039,970.872581,596.675215,803483082#0
23875039,959.238493,601.829971,1085398472#0
23875039,978.242357,627.468525,1085398472#0
23875039,986.064247,622.109211,1085398472#0
23875039,982.709333,616.519798,1085398472#0
23875039,980.561907,613.040059,1085398472#0
23875039,977.396518,614.757299,1085398472#0
23875039,974.731125,610.265331,1085398472#0
23875039,977.84101,608.493685,1085398472#0
23875039,977.35315,607.614316,1085398472#0
23875039,970.872581,596.675215,803483082#0
24054787,1002.718642,706.353721,-1220548060#1
24054787,996.443274,704.946423,-1220548060#1
24054787,998.922663,693.129409,-137085421
24054787,1000.353263,692.452216,-137085421
24054787,1000.038578,691.424338,-137085421
24054787,993.371821,689.814315,1157382624
24054787,992.751451,690.607036,-1220548060#1
24054787,993.489558,691.447462,-1220548060#1
24054787,990.857753,703.735227,-1220548060#1
24054787,985.047625,702.495647,-1220548060#1
24054787,991.062547,676.301034,1157382624
24054787,999.810971,678.432309,1157382624
24054787,1008.792889,680.992389,1157382624
24054787,1004.551021,698.100805,-1220548060#1
24054787,1002.718642,706.353721,-1220548060#1
24054909,985.047625,702.495647,-1220548060#1
24054909,978.937032,701.173729,-1220548060#1
24054909,982.062017,685.425426,1157382624
24054909,971.813815,671.087108,1157382624
24054909,970.318173,670.975692,1157382624
24054909,970.225432,673.82643,1157382624
24054909,963.303964,680.300779,172283311#2
24054909,962.209308,680.213834,172283311#2
24054909,955.105441,686.725633,-1220548060#1
24054909,955.151614,687.581435,-1220548060#1
24054909,953.427509,689.099739,-1220548060#1
24054909,952.398359,689.211638,-1220548060#1
24054909,946.882943,694.20816,-1220548060#1
24054909,940.288211,692.785777,-1220548060#1
24054909,943.126014,690.074306,-1220548060#1
24054909,967.945907,667.456445,1157382624
24054909,977.594585,657.872517,1157382624
24054909,984.205853,667.061679,1157382624
24054909,991.062547,676.301034,1157382624
24054909,985.047625,702.495647,-1220548060#1
24054910,946.359056,636.144618,-1157382622#0
24054910,945.53973,636.841619,172283311#2
24054910,945.863901,637.379667,172283311#2
24054910,945.848914,638.537275,172283311#2
24054910,941.936904,641.472924,172283311#2
24054910,938.681053,636.982974,172283311#2
24054910,941.132383,635.20369,172283311#2
24054910,954.214574,625.88834,1157382623#1
24054910,960.213731,634.100719,1157382623#1
24054910,962.194861,636.816338,1157382623#1
24054910,965.97505,641.995689,1157382621#0
24054910,950.848337,653.070117,172283311#2
24054910,947.344962,648.741451,172283311#2
24054910,951.131044,645.942138,172283311#2
24054910,952.262099,646.139548,1157382621#0
24054910,952.663857,646.809403,1157382621#0
24054910,953.531163,646.133592,1157382621#0
24054910,946.359056,636.144618,-1157382622#0
24054911,941.132383,635.20369,172283311#2
24054911,939.389631,631.915269,172283311#2
24054911,936.405592,633.851057,172283311#2
24054911,924.684959,617.709506,1095407477#1
24054911,939.134313,610.967587,1095407477#1
24054911,938.742409,610.130598,1095407477#1
24054911,941.7466,608.795257,1095407477#0
24054911,943.258891,610.875889,1157382623#2
24054911,944.022111,610.402688,1157382623#2
24054911,944.896999,613.120638,1157382623#2
24054911,945.890964,614.478369,1157382623#2
24054911,950.889155,621.322035,-1157382622#0
24054911,954.214574,625.88834,1157382623#1
24054911,941.132383,635.20369,172283311#2
24054912,905.392491,626.717939,1095407477#2
24054912,915.428345,622.03257,172283311#2
24054912,924.684959,617.709506,1095407477#1
24054912,936.405592,633.851057,172283311#2
24054912,938.681053,636.982974,172283311#2
24054912,941.936904,641.472924,172283311#2
24054912,943.02471,642.472483,172283311#2
24054912,937.965179,646.301603,172283311#2
24054912,927.594554,632.266539,172283311#2
24054912,926.006612,631.667572,172283311#2
24054912,922.232194,633.465156,172283311#2
24054912,920.607081,634.246845,-492973498
24054912,919.527323,636.051279,-492973498
24054912,935.080758,656.380616,-492973498
24054912,930.433081,660.111566,-492973498
24054912,929.742445,659.270094,-492973498
24054912,913.339076,637.346165,-492973498
24054912,905.392491,626.717939,1095407477#2
24054913,897.677027,646.318411,1095407477#2
24054913,892.568796,640.0225,1095407477#2
24054913,888.289844,634.698509,1095407477#2
24054913,903.827444,627.453787,1095407477#2
24054913,905.392491,626.717939,1095407477#2
24054913,913.339076,637.346165,-492973498
24054913,909.592543,639.176522,-492973498
24054913,908.785623,638.905148,-492973498
24054913,908.523739,638.421356,-492973498
24054913,903.789884,640.718781,1095407477#2
24054913,903.780775,643.05579,1095407477#2
24054913,897.677027,646.318411,1095407477#2
24054916,838.641868,674.660856,386993641
24054916,831.07013,660.752874,1095407477#2
24054916,843.701022,655.264048,1095407477#2
24054916,845.912593,654.302369,1095407477#2
24054916,853.170526,666.614972,172283961
24054916,844.515389,671.425537,386993641
24054916,838.641868,674.660856,386993641
24054918,848.982076,693.726115,386993641
24054918,838.641868,674.660856,386993641
24054918,844.515389,671.425537,386993641
24054918,848.943576,679.795148,172283961
24054918,851.76959,678.385819,172283961
24054918,857.742542,689.380574,172283961
24054918,863.152352,697.639334,172283961
24054918,866.333177,697.535183,172283961
24054918,866.294991,698.25933,172283961
24054918,865.82013,698.269895,172283961
24054918,865.083553,700.24475,172283961
24054918,870.786214,709.465108,172283961
24054918,871.541144,708.925313,172283961
24054918,873.981094,709.382904,172283961
24054918,875.970513,712.165071,172283961
24054918,875.621884,714.798953,172283961
24054918,873.89138,716.028109,172283961
24054918,875.70873,718.702827,172283961
24054918,869.123683,723.511811,386993641
24054918,861.854015,712.801831,386993641
24054918,858.597491,707.978118,386993641
24054918,848.982076,693.726115,386993641
24054921,907.671229,667.839566,-492973498
24054921,912.417954,664.596007,-492973498
24054921,926.097056,654.354835,-492973498
24054921,929.742445,659.270094,-492973498
24054921,918.465686,667.666282,-492973498
24054921,918.328279,669.727952,-492973498
24054921,933.689176,687.201758,-1220548060#1
24054921,935.720234,687.279004,-1220548060#1
24054921,938.36848,684.894446,-1220548060#1
24054921,943.126014,690.074306,-1220548060#1
24054921,940.288211,692.785777,-1220548060#1
24054921,936.777372,696.05747,-1220548060#1
24054921,934.318936,698.126235,-1220548060#1
24054921,908.528141,668.833125,-492973498
24054921,907.671229,667.839566,-492973498
24054923,797.332451,706.537457,1095407477#5
24054923,794.342347,698.135875,1095407477#5
24054923,787.935124,680.140435,1095407477#5
24054923,803.32384,673.232528,1095407477#3
24054923,808.581841,685.033206,1095407477#3
24054923,803.632432,686.790275,1095407477#5
24054923,807.486634,698.032435,1095407477#5
24054923,802.968178,699.635252,1095407477#5
24054923,804.428513,703.953658,1095407477#5
24054923,797.332451,706.537457,1095407477#5
24054924,802.009119,719.664133,-1158581416#0
24054924,801.292471,717.654853,1158581415#0
24054924,797.332451,706.537457,1095407477#5
24054924,804.428513,703.953658,1095407477#5
24054924,802.968178,699.635252,1095407477#5
24054924,807.486634,698.032435,1095407477#5
24054924,807.62419,698.418841,1095407477#5
24054924,807.92723,698.311947,1095407477#5
24054924,809.837811,703.34363,1095407477#5
24054924,812.772984,702.265678,-1158581415#0
24054924,814.570119,706.164867,-1158581415#0
24054924,814.71015,706.662495,-1158581415#0
24054924,814.776303,707.19515,-1158581415#0
24054924,814.761793,707.762984,-1158581415#0
24054924,814.6792,708.321205,-1158581415#0
24054924,814.52149,708.858843,-1158581415#0
24054924,814.294953,709.353502,-1158581415#0
24054924,814.012908,709.793759,-1158581415#0
24054924,813.681892,710.16834,-1158581415#0
24054924,813.31473,710.443576,-1158581415#0
24054924,812.925484,710.64141,-1158581415#0
24054924,809.155177,711.704569,-1158581415#0
24054924,810.742462,716.543151,1158581415#0
24054924,802.009119,719.664133,-1158581416#0
24054925,802.588459,721.29813,-1158581416#0
24054925,802.009119,719.664133,-1158581416#0
24054925,810.742462,716.543151,1158581415#0
24054925,812.715721,721.951781,-1158581416#0
24054925,820.438196,719.153764,-1158581416#0
243911399,1033.439168,667.959628,1085398472#0
243911399,1036.949402,655.185017,225400609#2
243911399,1027.666138,652.809621,225400609#2
243911399,1027.033473,651.521742,225400609#2
243911399,1028.173622,650.906649,225400609#2
243911399,1029.417489,646.405706,225400609#2
243911399,1031.872997,646.952052,225400609#2
243911399,1032.443987,644.546925,225400609#2
243911399,1024.54473,642.452365,225400609#2
243911399,1019.044244,664.317973,1085398472#0
243911399,1030.96159,667.335879,1085398472#0
243911399,1033.439168,667.959628,1085398472#0
243911401,1072.389308,565.821943,533594855#1
243911401,1064.052465,569.089425,533594855#1
243911401,1066.19188,569.765212,533594855#1
243911401,1067.574179,573.940763,533594855#1
243911401,1063.959746,575.000258,533594855#1
243911401,1063.90536,575.301912,533594855#1
243911401,1068.30485,592.17386,1089402876#0
243911401,1079.932952,589.18939,1089402876#0
243911401,1083.479754,570.71666,533594855#1
243911401,1075.161883,573.00447,533594855#1
243911401,1072.389308,565.821943,533594855#1
243911404#1,1177.602401,601.187221,558292463#1
243911404#1,1169.081251,599.206372,558292463#1
243911404#1,1168.009549,603.213839,-1015063873
243911404#1,1165.940717,602.658846,-1015063873
243911404#1,1165.151343,605.625181,-1015063873
243911404#1,1167.213143,606.169202,-1015063873
243911404#1,1164.488078,616.110995,-1015063873
243911404#1,1172.924469,618.861522,-1015063873
243911404#1,1176.027709,606.997393,-1015063873
243911404#1,1176.781947,606.424279,-474154200#0
243911404#1,1179.205263,607.049306,-474154200#0
243911404#1,1178.980042,607.91113,-474154200#0
243911404#1,1179.406687,608.480302,-474154200#0
243911404#1,1183.481313,609.502677,-474154200#0
243911404#1,1183.756242,608.7399,-474154200#0
243911404#1,1185.264106,609.095919,-474154200#0
243911404#1,1186.071259,608.766441,-474154200#0
243911404#1,1186.722635,610.287605,1085398473#3
243911404#1,1186.160445,612.48109,1085398473#3
243911404#1,1183.002258,611.772212,-1015063873
243911404#1,1182.168463,612.124537,-1015063873
243911404#1,1181.688173,613.726442,-1015063873
243911404#1,1182.19277,614.750118,-1015063873
243911404#1,1183.435323,615.078639,-1015063873
243911404#1,1182.051566,621.541103,-1015063873
243911404#1,1196.653321,625.634882,-1157347101#0
243911404#1,1197.067134,623.789645,-1157347101#0
243911404#1,1200.882117,606.679763,1085398473#3
243911404#1,1177.602401,601.187221,558292463#1
243911407,1049.08489,579.403319,474154189
243911407,1049.92014,582.478251,474154189
243911407,1049.26026,582.715459,474154189
243911407,1053.178034,595.925974,1089402876#2
243911407,1055.218036,597.015687,1089402876#2
243911407,1058.854531,596.033588,1089402876#2
243911407,1059.613663,594.45886,1089402876#2
243911407,1068.30485,592.17386,1089402876#0
243911407,1063.90536,575.301912,533594855#1
243911407,1057.537543,576.767514,533594855#1
243911407,1052.844971,577.873216,474154189
243911407,1052.992999,578.426311,474154189
243911407,1049.08489,579.403319,474154189
243911410,1186.761813,641.733409,1015063875#1
243911410,1192.399892,643.477789,1085398473#1
243911410,1194.016779,643.853648,1085398473#1
243911410,1195.773529,636.459321,1015063875#1
243911410,1195.953485,635.698651,1015063875#1
243911410,1196.177226,634.770095,-1015063873
243911410,1198.304873,626.043356,-1157347101#0
243911410,1196.653321,625.634882,-1157347101#0
243911410,1182.051566,621.541103,-1015063873
243911410,1172.924469,618.861522,-1015063873
243911410,1164.488078,616.110995,-1015063873
243911410,1162.864149,615.724175,-1015063873
243911410,1161.00271,621.763266,-1015063873
243911410,1187.733225,629.838683,-1015063873
243911410,1187.310288,631.272401,-1015063873
243911410,1189.384656,631.771642,-1015063873
243911410,1189.003902,633.27119,-1015063873
243911410,1188.796566,634.02134,1015063875#1
243911410,1188.559258,634.950197,1015063875#1
243911410,1188.192196,636.761014,1015063875#1
243911410,1186.761813,641.733409,1015063875#1
243911413,1178.433181,646.591767,1015063875#1
243911413,1181.807319,647.551786,1085398473#1
243911413,1183.722299,640.866113,1015063875#1
243911413,1176.188448,638.718694,1015063875#1
243911413,1174.67655,643.993347,1015063875#1
243911413,1169.991036,642.661832,1015063875#1
243911413,1171.534627,637.286325,1015063875#1
243911413,1164.246709,635.211361,1015063875#1
243911413,1157.846602,633.383772,1015063875#1
243911413,1156.794897,637.068098,1015063875#1
243911413,1156.467311,638.210384,1015063875#1
243911413,1162.64885,639.976055,1015063875#1
243911413,1160.242518,648.375167,1015063875#1
243911413,1172.735196,651.937032,1085398473#1
243911413,1174.41668,646.046596,1015063875#1
243911413,1177.374294,646.893448,1015063875#1
243911413,1178.433181,646.591767,1015063875#1
243911422,1066.815518,551.390765,533594855#1
243911422,1072.389308,565.821943,533594855#1
243911422,1075.161883,573.00447,533594855#1
243911422,1083.479754,570.71666,533594855#1
243911422,1079.932952,589.18939,1089402876#0
243911422,1079.664096,590.530676,1089402876#0
243911422,1085.945391,592.505463,1089402876#0
243911422,1086.545135,589.254005,1089402876#0
243911422,1088.574357,588.329869,1089402876#0
243911422,1089.012669,586.061228,1089402876#0
243911422,1087.44346,584.471433,1089402876#0
243911422,1089.379979,574.480334,533594855#1
243911422,1085.239115,564.668675,533594855#1
243911422,1084.273694,564.289515,533594855#1
243911422,1078.880648,565.944871,533594855#1
243911422,1076.972887,560.723859,533594855#1
243911422,1087.823231,556.332343,533594855#1
243911422,1097.696025,579.447806,1089402876#0
243911422,1100.046074,585.026218,1089402876#0
243911422,1106.302986,582.539392,1089402876#0
243911422,1093.652659,553.543419,533594855#1
243911422,1088.881219,542.232398,533594855#1
243911422,1077.454832,546.97053,533594855#1
243911422,1066.815518,551.390765,533594855#1
243911429,990.363168,643.912879,1085398472#0
243911429,995.761154,651.037022,1085398472#0
243911429,1001.90723,659.146035,1085398472#0
243911429,1002.062404,659.40965,1085398472#0
243911429,1002.181436,659.57392,1085398472#0
243911429,1002.354737,659.736984,1085398472#0
243911429,1002.616722,659.920333,1085398472#0
243911429,1002.910895,660.025073,1085398472#0
243911429,1003.21037,660.062929,1085398472#0
243911429,1003.434482,660.069077,1085398472#0
243911429,1019.044244,664.317973,1085398472#0
243911429,1024.54473,642.452365,225400609#2
243911429,1018.892656,640.997805,225400609#2
243911429,1016.859138,648.142418,225400609#2
243911429,1017.825088,649.767849,225400609#2
243911429,1016.518692,650.842871,1085398472#0
243911429,1011.585213,649.3501,1085398472#0
243911429,1009.676155,646.822031,225400609#2
243911429,1009.848333,646.629035,225400609#2
243911429,1010.018286,646.335941,225400609#2
243911429,1010.146549,645.999262,225400609#2
243911429,1010.206479,645.641845,225400609#2
243911429,1010.198818,645.297059,225400609#2
243911429,1010.137135,644.9646,225400609#2
243911429,1010.021922,644.666714,225400609#2
243911429,1009.845655,644.370184,225400609#2
243911429,1009.664334,644.151659,225400609#2
243911429,1009.408391,643.934793,225400609#2
243911429,1009.064506,643.731009,225400609#2
243911429,1008.674864,643.606134,225400609#2
243911429,1008.287199,643.570237,225400609#2
243911429,1007.89448,643.612346,225400609#2
243911429,1007.530379,643.720584,225400609#2
243911429,1007.161718,643.929073,225400609#2
243911429,1003.266003,638.741131,225400609#2
243911429,1001.620232,638.288083,225400609#2
243911429,1000.017313,636.098172,225400609#2
243911429,996.184674,638.33097,1085398472#0
243911429,990.363168,643.912879,1085398472#0
243911431,1169.229623,597.634085,558292463#1
243911431,1169.797338,591.71272,558292463#1
243911431,1163.696533,590.223438,558292463#1
243911431,1161.993454,596.058718,558292463#1
243911431,1169.229623,597.634085,558292463#1
243911434,1015.937545,599.023232,225400609#1
243911434,1021.229969,596.201638,225400609#1
243911434,1017.971536,590.676825,225400609#1
243911434,1012.915825,594.0718,225400609#1
243911434,1015.937545,599.023232,225400609#1
243911444,1233.034372,506.641609,1158979785#1
243911444,1247.36154,505.378124,1158979785#0
243911444,1246.430517,495.528565,1158979785#0
243911444,1243.326404,495.730912,1158979785#0
243911444,1243.257717,494.163441,1158979785#0
243911444,1232.083844,495.301383,1158979785#1
243911444,1233.034372,506.641609,1158979785#1
243911448,982.709333,616.519798,1085398472#0
243911448,990.20356,611.991219,1085398472#0
243911448,991.075404,613.351672,1085398472#0
243911448,992.427698,612.509304,1085398472#0
243911448,994.84254,616.417083,225400609#2
243911448,986.064247,622.109211,1085398472#0
243911448,982.709333,616.519798,1085398472#0
243911450,1148.73258,618.140852,-1015063873
243911450,1161.00271,621.763266,-1015063873
243911450,1162.864149,615.724175,-1015063873
243911450,1157.185324,613.980731,-1015063873
243911450,1145.285568,610.227703,-1015063873
243911450,1145.140152,610.709418,-1015063873
243911450,1143.449189,616.477671,-1015063873
243911450,1148.73258,618.140852,-1015063873
243911453,1180.333161,652.692069,1085398473#1
243911453,1181.807319,647.551786,1085398473#1
243911453,1183.722299,640.866113,1015063875#1
243911453,1186.761813,641.733409,1015063875#1
243911453,1192.399892,643.477789,1085398473#1
243911453,1188.985086,657.819153,1085398473#1
243911453,1181.778118,655.720113,1085398473#1
243911453,1180.333161,652.692069,1085398473#1
243911455,1200.882117,606.679763,1085398473#3
243911455,1202.430191,607.01264,1085398473#3
243911455,1204.549478,597.295731,-474154200#0
243911455,1204.795672,596.155254,-474154200#0
243911455,1205.072332,594.858313,-448027458
243911455,1205.588156,592.409923,1085398473#4
243911455,1204.081522,592.109509,558292463#1
243911455,1195.585901,590.361728,558292463#1
243911455,1194.842267,593.861168,-474154200#0
243911455,1194.106528,597.104499,-474154200#0
243911455,1178.425068,593.602185,558292463#1
243911455,1177.152655,591.927885,558292463#1
243911455,1178.096846,591.962577,558292463#1
243911455,1178.17837,590.436284,558292463#1
243911455,1177.177193,590.280452,558292463#1
243911455,1177.398206,585.557435,558292463#1
243911455,1170.039671,585.197681,558292463#1
243911455,1170.034138,588.31354,558292463#1
243911455,1169.797338,591.71272,558292463#1
243911455,1169.229623,597.634085,558292463#1
243911455,1169.081251,599.206372,558292463#1
243911455,1177.602401,601.187221,558292463#1
243911455,1200.882117,606.679763,1085398473#3
243911456,1151.307805,587.683026,558292463#1
243911456,1152.366539,582.785632,558292463#1
243911456,1162.402135,585.111192,558292463#1
243911456,1161.990054,586.422267,558292463#1
243911456,1170.034138,588.31354,558292463#1
243911456,1169.797338,591.71272,558292463#1
243911456,1163.696533,590.223438,558292463#1
243911456,1151.307805,587.683026,558292463#1
243911457,970.872581,596.675215,803483082#0
243911457,977.35315,607.614316,1085398472#0
243911457,987.986555,602.326054,803483082#0
243911457,987.909839,605.287711,803483082#0
243911457,992.427698,612.509304,1085398472#0
243911457,994.84254,616.417083,225400609#2
243911457,999.345042,613.479486,225400609#2
243911457,984.711867,589.657676,803483082#0
243911457,970.872581,596.675215,803483082#0
243911460,1145.285568,610.227703,-1015063873
243911460,1151.307805,587.683026,558292463#1
243911460,1163.696533,590.223438,558292463#1
243911460,1161.993454,596.058718,558292463#1
243911460,1161.273027,598.767588,-1015063873
243911460,1161.701155,599.403491,-1015063873
243911460,1161.016623,602.200586,-1015063873
243911460,1160.390907,602.448149,-1015063873
243911460,1157.185324,613.980731,-1015063873
243911460,1145.285568,610.227703,-1015063873
243911466,1195.706562,491.757169,1157384569#0
243911466,1196.112617,490.479614,1157384569#0
243911466,1194.267123,487.449322,1158979785#3
243911466,1193.17169,487.328959,1158979785#3
243911466,1192.260905,487.883286,1158979785#3
243911466,1191.865336,487.491465,1158979785#3
243911466,1191.837707,485.633765,1158979785#3
243911466,1193.316869,485.612085,1158979785#3
243911466,1194.709689,484.757748,1158979785#3
243911466,1195.026317,485.262596,1158979785#3
243911466,1195.428054,485.320452,1158979785#3
243911466,1198.075795,483.514691,1158979785#3
243911466,1198.199142,482.955574,1158979785#3
243911466,1197.930249,482.460795,1158979785#3
243911466,1199.444443,481.570385,1158979785#3
243911466,1199.718396,480.76312,1158979785#3
243911466,1201.361485,481.093891,1158979785#3
243911466,1201.647152,481.732958,1158979785#3
243911466,1200.436758,482.549863,1158979785#3
243911466,1200.395313,483.129419,1158979785#3
243911466,1202.143978,486.384413,1158979785#3
243911466,1203.321806,486.547461,1158979785#3
243911466,1203.243355,487.906771,1157384569#0
243911466,1201.360235,488.994531,1157384569#0
243911466,1200.791243,488.128068,1157384569#0
243911466,1198.17693,489.910831,1157384569#0
243911466,1198.800194,490.77609,1157384569#0
243911466,1196.738594,492.079236,1157384569#0
243911466,1195.706562,491.757169,1157384569#0
243911467,1143.698276,553.378484,-1157384568#0
243911467,1144.120835,551.622069,-1157384568#0
243911467,1144.422517,549.923975,-1157384568#0
243911467,1144.653272,547.78235,-1157384568#0
243911467,1144.709373,545.722494,-1157384568#0
243911467,1144.612152,543.176424,-1157384568#0
243911467,1144.21471,540.559123,-1157384568#0
243911467,1149.655423,539.826376,1085398475#3
243911467,1149.823058,540.957675,1085398475#3
243911467,1151.114726,541.663438,1085398475#3
243911467,1151.958282,542.056443,1085398475#3
243911467,1152.942572,542.368431,1085398475#3
243911467,1154.05477,542.633072,1085398475#3
243911467,1155.096167,542.765752,1085398475#3
243911467,1156.135343,542.798333,1085398475#3
243911467,1157.064495,542.76659,1085398475#3
243911467,1157.924081,542.658497,1085398475#3
243911467,1158.78897,542.483521,1085398475#3
243911467,1159.827527,542.182288,1085398475#3
243911467,1161.1795,541.629293,1085398475#3
243911467,1162.987474,540.520928,1085398475#3
243911467,1164.416904,539.176155,1085398475#3
243911467,1164.083743,537.926125,1085398475#3
243911467,1168.848781,537.330794,1085398475#3
243911467,1169.211181,540.204809,1085398475#3
243911467,1169.386833,542.003588,1085398475#3
243911467,1169.505876,545.227959,1085398475#3
243911467,1169.451249,547.966567,1085398475#3
243911467,1169.320268,550.016956,1085398475#3
243911467,1169.054967,552.437537,1085398475#3
243911467,1168.808042,554.15667,1085398475#3
243911467,1168.461578,555.978159,1085398475#3
243911467,1168.05406,557.801003,-558292461
243911467,1167.768155,558.986875,-558292461
243911467,1143.698276,553.378484,-1157384568#0
243911468,1181.735725,694.500838,1085398473#1
243911468,1182.086252,693.168874,1085398473#1
243911468,1184.52688,683.867674,1085398473#1
243911468,1182.765572,683.406002,1085398473#1
243911468,1165.555928,678.925025,1085398473#1
243911468,1164.859544,678.740178,1085398473#1
243911468,1163.652197,683.362676,1085398472#2
243911468,1172.949884,685.782516,1085398473#1
243911468,1171.466133,691.713078,1085398473#1
243911468,1181.735725,694.500838,1085398473#1
3297488,1205.44309,491.607995,1158979785#2
3297488,1211.733979,486.972925,1158979785#2
3297488,1205.470639,477.241623,1158979785#3
3297488,1198.397756,466.204096,1158979785#3
3297488,1179.462786,478.831087,1158979785#3
3297488,1191.093439,496.143622,1157384569#0
3297488,1191.999904,499.984802,1157384569#0
3297488,1205.44309,491.607995,1158979785#2
3297489,1137.110614,565.431234,1157384568#0
3297489,1177.891535,574.140674,-558292461
3297489,1179.093962,559.503426,-558292461
3297489,1179.216538,550.95469,1085398475#3
3297489,1177.314973,523.366977,1085398475#3
3297489,1135.926941,528.914367,1157384568#0
3297489,1132.766733,529.340582,1157384568#0
3297489,1135.206747,540.503084,1157384568#0
3297489,1136.044296,543.9897,1157384568#0
3297489,1136.276453,545.887373,1157384568#0
3297489,1136.194955,548.637706,1157384568#0
3297489,1135.820627,550.426434,1157384568#0
3297489,1134.211072,557.416922,1157384568#0
3297489,1138.483225,558.46826,1157384568#0
3297489,1137.110614,565.431234,1157384568#0
386993597,890.888476,649.306952,1095407477#2
386993597,887.985586,650.617818,1095407477#2
386993597,884.850898,643.643741,1095407477#2
386993597,892.568796,640.0225,1095407477#2
386993597,897.677027,646.318411,1095407477#2
386993597,912.417954,664.596007,-492973498
386993597,907.671229,667.839566,-492973498
386993597,908.528141,668.833125,-492973498
386993597,906.745569,670.163575,-492973498
386993597,905.752839,668.861463,-492973498
386993597,901.676697,663.499568,-492973498
386993597,895.391811,655.26023,1095407477#2
386993597,890.888476,649.306952,1095407477#2
386993602,879.618323,652.506471,1095407477#2
386993602,872.228102,642.177495,1095407477#2
386993602,879.436363,638.834634,1095407477#2
386993602,879.59421,636.472061,1095407477#2
386993602,882.002294,637.631408,1095407477#2
386993602,888.289844,634.698509,1095407477#2
386993602,892.568796,640.0225,1095407477#2
386993602,884.850898,643.643741,1095407477#2
386993602,887.985586,650.617818,1095407477#2
386993602,884.84283,652.434765,1095407477#2
386993602,884.72222,654.640723,1095407477#2
386993602,886.039238,656.180426,1095407477#2
386993602,886.284093,656.50881,1095407477#2
386993602,884.054287,657.871472,1095407477#2
386993602,879.618323,652.506471,1095407477#2
386993604,950.848337,653.070117,172283311#2
386993604,965.97505,641.995689,1157382621#0
386993604,967.251561,642.935421,-1157382621#0
386993604,968.196763,643.626582,-1157382621#0
386993604,969.191625,645.941275,-1157382621#0
386993604,969.596209,646.433026,1157382624
386993604,972.167985,648.545756,1157382624
386993604,973.270672,651.436691,1157382624
386993604,974.084645,652.331066,1157382624
386993604,975.825553,653.705585,1157382624
386993604,975.369337,654.249851,1157382624
386993604,975.894792,654.683278,1157382624
386993604,976.959846,654.659607,1157382624
386993604,977.594585,657.872517,1157382624
386993604,967.945907,667.456445,1157382624
386993604,961.109954,659.763403,172283311#2
386993604,957.68232,662.810676,172283311#2
386993604,955.231603,659.426711,172283311#2
386993604,950.848337,653.070117,172283311#2
386993606,940.263458,649.54429,172283311#2
386993606,937.965179,646.301603,172283311#2
386993606,943.02471,642.472483,172283311#2
386993606,945.502084,645.833594,172283311#2
386993606,940.263458,649.54429,172283311#2
386993607,951.337362,664.687636,172283311#2
386993607,950.368797,665.387954,172283311#2
386993607,949.563444,664.270838,172283311#2
386993607,950.531761,663.559397,172283311#2
386993607,951.337362,664.687636,172283311#2
386993612,1101.235824,718.108568,-1121008013#2
386993612,1095.422288,716.713147,-1121008013#2
386993612,1101.235824,718.108568,-1121008013#2
386993617,834.104737,725.136726,386993641
386993617,832.278315,720.225566,386993641
386993617,830.772952,715.407409,386993641
386993617,820.438196,719.153764,-1158581416#0
386993624,950.531761,663.559397,172283311#2
386993624,955.231603,659.426711,172283311#2
386993624,957.68232,662.810676,172283311#2
386993624,954.218548,665.758607,172283311#2
386993624,952.940047,666.866409,172283311#2
386993624,951.337362,664.687636,172283311#2
386993624,950.531761,663.559397,172283311#2
386993626,950.531761,663.559397,172283311#2
386993626,940.263458,649.54429,172283311#2
386993626,945.502084,645.833594,172283311#2
386993626,947.344962,648.741451,172283311#2
386993626,950.848337,653.070117,172283311#2
386993626,955.231603,659.426711,172283311#2
386993626,950.531761,663.559397,172283311#2
386993629,903.780775,643.05579,1095407477#2
386993629,912.595099,654.554927,-492973498
386993629,915.156296,654.664886,-492973498
386993629,922.145012,649.079186,-492973498
386993629,926.097056,654.354835,-492973498
386993629,912.417954,664.596007,-492973498
386993629,897.677027,646.318411,1095407477#2
386993629,903.780775,643.05579,1095407477#2
419277952,334.956061,679.575006,-52348720#1
419277952,330.293302,677.754159,1232425162#4
419277952,328.441212,682.647243,-797119355#0
419277952,322.549737,680.208469,-797119355#0
419277952,323.998745,676.715357,-797119355#0
419277952,326.465381,670.773655,1232425162#4
419277952,329.054008,669.680904,1232425162#4
419277952,331.10026,670.436349,1232425162#4
419277952,331.245276,670.243936,1232425162#4
419277952,333.147181,669.400222,1232425162#4
419277952,333.407451,669.50568,1232425162#4
419277952,334.258152,667.483676,1232425162#3
419277952,336.901052,666.389715,1232425162#2
419277952,340.599351,667.876043,1232425162#2
419277952,341.248211,666.236894,1232425162#2
419277952,352.694537,670.932849,1232425162#2
419277952,348.844302,680.866924,-52348720#1
419277952,348.382225,682.056788,-52348720#1
419277952,336.725801,677.677117,-52348720#1
419277952,336.218478,678.968143,-52348720#1
419277952,335.321849,678.632102,-52348720#1
419277952,334.956061,679.575006,-52348720#1
422928009,381.430599,513.868657,1087301095#1
422928009,380.864768,521.047532,1087301095#1
422928009,378.781764,521.383399,1087301095#1
422928009,378.696832,522.442428,1087301095#1
422928009,389.359457,523.339193,1087301095#1
422928009,389.310827,523.896665,1087301095#1
422928009,391.595461,524.079298,1087301095#1
422928009,391.920567,520.099449,1087301095#3
422928009,390.220595,519.95939,1087301095#1
422928009,390.358708,518.24264,1087301095#3
422928009,392.05868,518.382699,1087301095#3
422928009,392.51611,512.730741,1087301095#3
422928009,390.23147,512.548107,1087301095#3
422928009,390.189127,513.083182,1087301095#3
422928009,379.533015,512.17514,1087301095#1
422928009,379.448082,513.234169,1087301095#1
422928009,381.430599,513.868657,1087301095#1
422928026,215.035707,380.017917,-1134722792
422928026,213.57095,379.472056,-1134722792
422928026,215.514054,374.398852,-1134722792
422928026,219.829904,376.171725,-1134722792
422928026,234.928819,382.388084,-1134722792
422928026,227.859776,397.412863,1158894403
422928026,226.641845,400.010614,1158894403
422928026,220.918776,397.835245,1158894403
422928026,222.759491,393.342975,1158894403
422928026,226.535218,385.235415,-1134722792
422928026,214.818485,380.623674,-1134722792
422928026,215.035707,380.017917,-1134722792
424840589,172.207285,267.585259,572206291
424840589,174.041109,267.33278,572206291
424840589,175.801239,267.42691,572206291
424840589,177.657284,267.863852,572206291
424840589,178.000236,268.02309,572206291
424840589,177.871271,268.326425,572206291
424840589,180.551892,269.212274,572206291
424840589,175.090651,285.714503,1332761974#0
424840589,163.084773,281.843777,131611528#2
424840589,164.910048,276.661914,131611528#2
424840589,164.486183,276.526743,131611528#2
424840589,166.403579,271.821309,572206291
424840589,167.504193,270.350068,572206291
424840589,168.874873,269.11759,572206291
424840589,170.462841,268.191824,572206291
424840589,172.207285,267.585259,572206291
424840596,124.221719,348.367486,-131611520
424840596,128.589117,324.55653,-131611520
424840596,134.416746,325.939386,-131611520
424840596,130.492937,346.524495,-131611520
424840596,130.034906,346.378965,-131611520
424840596,129.47073,349.373825,-131611520
424840596,124.221719,348.367486,-131611520
454285443,1204.038883,719.021031,310548395
454285443,1230.171141,717.896255,310548395
454285443,1206.743728,712.451379,310548395
454285443,1206.969194,711.600679,310548395
454285443,1198.305296,709.600696,310548395
454285443,1198.410752,709.153252,310548395
454285443,1195.354383,708.44211,-1157347104#1
454285443,1193.908097,708.106979,-1157347104#1
454285443,1193.802642,708.554423,-1157347104#1
454285443,1193.468267,708.472819,-1157347104#1
454285443,1192.563946,712.37642,1157347105#1
454285443,1193.00131,712.511378,1157347105#1
51167938,901.200397,498.342468,-51167934#5
51167938,904.420395,497.247115,-51167934#5
51167938,904.173414,496.518183,-51167934#5
51167938,912.344784,493.743726,-51167934#5
51167938,912.591516,494.461537,-51167934#5
51167938,915.434334,493.496982,-51167934#5
51167938,927.831688,529.987065,998298001#1
51167938,924.988889,530.951612,998298001#1
51167938,925.170358,531.481705,998298001#1
51167938,917.073175,534.232237,-51167934#4
51167938,916.949439,533.856648,-51167934#4
51167938,913.662119,534.975747,-51167934#4
51167938,910.837169,526.670575,-51167934#4
51167938,911.241486,526.53918,-51167934#4
51167938,904.392807,506.383527,-51167934#5
51167938,903.981952,506.526195,-51167934#5
51167938,901.200397,498.342468,-51167934#5
556200837,1252.837193,557.044682,31959081#1
556200837,1248.871302,569.80696,31959081#1
556200837,1247.761209,569.942846,31959081#1
556200837,1243.98481,568.902677,31959081#0
556200837,1245.521106,563.80555,31959081#1
556200837,1245.195125,562.266038,31959081#1
556200837,1243.762367,561.93059,31959081#1
556200837,1242.851345,562.473786,31959081#1
556200837,1241.156854,561.9661,31959081#1
556200837,1240.542735,560.900336,1216417114#2
556200837,1238.801495,560.42707,1216417114#2
556200837,1238.309371,558.435009,1216417114#2
556200837,1237.087281,558.417593,1216417114#2
556200837,1235.303787,566.446769,31959081#0
556200837,1229.298814,564.688217,1216417114#2
556200837,1223.649312,563.044194,1216417114#2
556200837,1226.17682,551.838272,1216417114#2
556200837,1252.837193,557.044682,31959081#1
6288427,404.90059,530.848113,1087301095#3
6288427,375.639594,528.386167,1087301095#1
6288427,377.205201,509.756811,1087301095#1
6288427,377.531042,505.810328,1087301095#1
6288427,406.799451,508.294379,1087301095#3
6288427,406.691849,509.554212,1087301095#3
6288427,407.541836,509.624244,1087301095#3
6288427,407.277005,512.656891,1087301095#3
6288427,406.433802,512.586707,1087301095#3
6288427,405.849893,519.565685,1087301095#3
6288427,405.254407,526.633942,1087301095#3
6288427,406.097607,526.704126,1087301095#3
6288427,405.833027,529.747896,1087301095#3
6288427,404.996611,529.67756,1087301095#3
6288427,404.90059,530.848113,1087301095#3
97997059,678.710677,727.373408,465398529#1
98000582,678.710677,727.373408,465398529#1
98000582,687.011697,723.738837,465398529#1
98000582,695.305945,720.104432,465398529#1
98000582,697.073032,724.783187,465398529#1
98000582,698.414847,728.347525,465398529#1
98000588,715.171792,728.029805,465398529#1
98000588,712.909294,727.312403,465398529#1
98000588,706.52569,729.580015,465398529#1
99339896,1140.937868,672.138172,225400609#5
99339896,1134.406567,670.513824,225400609#5
99339896,1133.750551,673.065483,225400609#5
99339896,1134.755908,673.410383,225400609#5
99339896,1132.936119,681.01756,1085398472#2
99339896,1125.696226,678.963844,1085398472#2
99339896,1127.473456,671.580162,225400609#5
99339896,1128.64039,671.865836,225400609#5
99339896,1129.368557,669.201299,225400609#5
99339896,1122.740793,667.512341,225400609#5
99339896,1117.130262,689.636204,1085398472#2
99339896,1126.667122,692.128541,1085398472#2
99339896,1135.658065,694.488352,1085398472#2
99339896,1139.971293,675.987528,225400609#5
99339896,1140.937868,672.138172,225400609#5
